"","country","slope2019","intercept2019","slope2018","intercept2018","slope2017","intercept2017","slope2016","intercept2016","avSlope","avIntercept"
"1","AT",0.823703942745501,-1.92416713390079,0.822707522904341,-1.93285194881528,0.808142688049345,-1.88746371886942,0.768454611565048,-1.80743080206635,0.805752191316059,-1.88797840091296
"2","BE",0.907722566350423,-1.86016029798736,0.876485360568311,-1.80601871333759,0.869250848060506,-1.75193717327284,0.844120982704028,-1.71154381794175,0.874394939420817,-1.78241500063488
"3","BG",0.912893014837332,-2.02662589290879,0.944733443760611,-2.1303867805747,0.895088657522031,-1.9575192569684,0.905092955638313,-2.03988200584238,0.914452017939572,-2.03860348407357
"4","CH",0.809038329058074,-1.93729254139709,0.847360685894838,-2.0996064271039,0.797577712588236,-1.91580766331048,0.798108124828591,-1.90774251360374,0.813021213092435,-1.9651122863538
"5","CY",NA,0.307782870895784,NA,0.326574333176737,NA,0.332324922462795,NA,0.298129734141114,NA,0.316202965169107
"6","CZ",0.895006421377681,-1.94160819703044,0.856902419417299,-1.91244332041095,0.877996680479273,-1.89512741994415,0.855286958807686,-1.88542624990437,0.871298120020485,-1.90865129682248
"7","DE",0.966898554680432,-2.41994438249009,0.971250395345545,-2.42886966929508,0.955213268168586,-2.38193575846301,0.915409746945459,-2.27144741398546,0.952192991285006,-2.37554930605841
"8","DK",0.966416517086037,-2.41794401033053,0.984830912305488,-2.50687438902144,0.968954570757942,-2.4320577306152,0.922105608075399,-2.19849044396192,0.960576902056216,-2.38884164348227
"9","EE",0.994288166807222,-1.80175773921028,1.03818539797948,-1.97646099516526,0.95269847864475,-1.95139835871053,0.896132811449795,-1.60415258256649,0.970326213720311,-1.83344241891314
"10","EL",0.844116301474826,-1.5569913338037,0.865429954412273,-1.66898888159646,0.83629162939972,-1.54417963060092,0.856965729340478,-1.63023162080498,0.850700903656824,-1.60009786670152
"11","ES",0.81757305866232,-1.50616897885325,0.832975889747869,-1.55927929134249,0.82506696272407,-1.50598688699142,0.814037869465359,-1.47421330473581,0.822413445149905,-1.51141211548074
"12","FI",0.646681905442505,-1.0140704759681,0.752326060016976,-1.35111041376546,0.6187878135535,-1.03317500342813,0.539138743253289,-0.815714011001028,0.639233630566567,-1.05351747604068
"13","FR",0.858546577133153,-1.84116749410746,0.86420795919643,-1.88090606918923,0.83887691934868,-1.76293679631166,0.855581490291557,-1.7671963696498,0.854303236492455,-1.81305168231454
"14","HR",0.829582801800138,-1.6349343833602,0.822001239908011,-1.66474656254021,0.80662408991841,-1.56890773573035,0.823264421549985,-1.61739899948215,0.820368138294136,-1.62149692027823
"15","HU",0.954096080581127,-2.14014935598555,0.998961268870415,-2.30116378304003,0.953065191635503,-2.1709347747821,0.95638231549505,-2.15516678094556,0.965626214145524,-2.19185367368831
"16","IE",0.946993426730328,-2.13988094530964,0.937385051896497,-2.10725472078946,0.974790418133096,-2.19137057111744,0.911921059720201,-1.97628007233681,0.942772489120031,-2.10369657738834
"17","IS",0.578066790896538,-0.755728811022429,0.56432410427473,-0.794913377055528,0.464622380173859,-0.443146141038038,0.407690427796975,-0.288786461049019,0.503675925785525,-0.570643697541254
"18","IT",0.823541989715258,-1.49953428851341,0.841074199712795,-1.58788113918758,0.811288758481736,-1.46236824126434,0.820593317487187,-1.5092065237124,0.824124566349244,-1.51474754816943
"19","LI",NA,0.103203185219251,NA,0.0511252228224277,NA,0.0879679769902723,NA,0.0904800120572072,NA,0.0831940992722894
"20","LT",1.15257114894699,-2.43495577669443,1.5717036610146,-3.25076987956224,1.18783721743493,-2.61187740475573,0.998358974449784,-2.18040063690547,1.22761775046158,-2.61950092447947
"21","LU",NA,0.304039268214716,NA,0.349565036853536,NA,NA,NA,0.330067762611943,NA,0.327890689226732
"22","LV",0.968861164756157,-2.00713586055552,0.977271045632294,-2.19681913902452,0.91742916405136,-2.03498382130877,0.896120666259468,-1.83052660625156,0.93992051017482,-2.01736635678509
"23","ME",NA,-0.280558295932261,NA,-0.300230978963495,NA,-0.267543688842577,NA,-0.30178963266487,NA,-0.287530649100801
"24","MK",0.933129340148449,-2.08604327854217,1.02858037276023,-2.34159853242029,0.981120358670717,-2.1839349056705,0.916371243604315,-2.08276725982824,0.964800328795928,-2.1735859941153
"25","MT",0.895739058906912,-1.70174466433415,0.880383294455561,-1.63922527507023,0.867787472519983,-1.57994251637925,0.870986572353342,-1.59806892439452,0.87872409955895,-1.62974534504454
"26","NL",1.12400085268768,-2.56853155486465,1.15458840213815,-2.64881538912263,1.13435749665313,-2.60036619606293,1.14144944322459,-2.59635053131923,1.13859904867589,-2.60351591784236
"27","NO",0.62780358142168,-1.08324554397263,0.722086631042086,-1.24811347896598,0.558629731809032,-0.991766767857461,0.55587818702265,-0.875770451345511,0.616099532823862,-1.0497240605354
"28","PL",1.02421739878689,-2.24295520595772,1.01331474662837,-2.24364062271442,1.02496463735973,-2.2712017913291,0.98116309928457,-2.14231771957131,1.01091497051489,-2.22502883489314
"29","PT",0.701146155587234,-1.14286574673613,0.721358454230962,-1.21973519430656,0.705283165605705,-1.13067039413541,NA,NA,0.709262591807967,-1.1644237783927
"30","RO",0.930262482016185,-2.09324305529746,0.986241357510748,-2.29272399738393,0.948193655460333,-2.16622800793596,0.927647274761474,-2.13275196945971,0.948086192437185,-2.17123675751926
"31","SE",0.523903068098982,-1.12585003026766,0.673976208529009,-1.3976311556341,0.449311885697088,-1.04873121498626,0.417616423771104,-0.834627307968846,0.516201896524046,-1.10170992721422
"32","SI",0.826079450571209,-1.90008343364598,0.813669660948591,-1.88162038787203,0.766612935814035,-1.73495883921025,0.759690845662384,-1.72080338754529,0.791513223249055,-1.80936651206839
"33","SK",1.49926378598655,-3.33653414037844,1.5143159395773,-3.40717471180907,1.50355290963381,-3.35315104579496,1.44230578129169,-3.224209184236,1.48985960412234,-3.33026727055462
"34","TR",0.604607994269249,-1.15181542021245,0.686846420043696,-1.40488241082145,0.615067250252729,-1.21049619926702,0.624038896095127,-1.27774390161381,0.6326401401652,-1.26123448297868
"35","UK",0.932384814014674,-2.26057784741529,0.909534373575479,-2.21062493640799,0.95478211779166,-2.30695525889985,0.847054357113692,-1.94810792819818,0.910938915623876,-2.18156649273033