id	2016	2013
TOTAL,KM2,AT	83878	83882
TOTAL,KM2,AT1	23558	23559
TOTAL,KM2,AT11	3964	3965
TOTAL,KM2,AT111	701	701
TOTAL,KM2,AT112	1792	1792
TOTAL,KM2,AT113	1471	1471
TOTAL,KM2,AT12	19179	19179
TOTAL,KM2,AT121	3356	3356
TOTAL,KM2,AT122	3368	3368
TOTAL,KM2,AT123	1230	1230
TOTAL,KM2,AT124	4615	4615
TOTAL,KM2,AT125	2412	2412
TOTAL,KM2,AT126	2723	2723
TOTAL,KM2,AT127	1475	1475
TOTAL,KM2,AT13	415	415
TOTAL,KM2,AT130	415	415
TOTAL,KM2,AT2	25935	25935
TOTAL,KM2,AT21	9537	9537
TOTAL,KM2,AT211	2030	2030
TOTAL,KM2,AT212	4132	4132
TOTAL,KM2,AT213	3375	3375
TOTAL,KM2,AT22	16398	16399
TOTAL,KM2,AT221	1212	1212
TOTAL,KM2,AT222	3319	3319
TOTAL,KM2,AT223	3210	3210
TOTAL,KM2,AT224	3329	3329
TOTAL,KM2,AT225	2267	2267
TOTAL,KM2,AT226	3061	3061
TOTAL,KM2,AT3	34385	34387
TOTAL,KM2,AT31	11981	11983
TOTAL,KM2,AT311	2823	2823
TOTAL,KM2,AT312	1744	1744
TOTAL,KM2,AT313	2660	2660
TOTAL,KM2,AT314	2238	2238
TOTAL,KM2,AT315	2516	2516
TOTAL,KM2,AT32	7154	7155
TOTAL,KM2,AT321	1020	1020
TOTAL,KM2,AT322	4396	4396
TOTAL,KM2,AT323	1738	1738
TOTAL,KM2,AT33	12648	12648
TOTAL,KM2,AT331	1237	1237
TOTAL,KM2,AT332	2095	2095
TOTAL,KM2,AT333	2020	2020
TOTAL,KM2,AT334	3320	3320
TOTAL,KM2,AT335	3976	3976
TOTAL,KM2,AT34	2602	2602
TOTAL,KM2,AT341	1876	1876
TOTAL,KM2,AT342	726	726
TOTAL,KM2,BE	30666	30665
TOTAL,KM2,BE1	162	162
TOTAL,KM2,BE10	162	162
TOTAL,KM2,BE100	162	162
TOTAL,KM2,BE2	13599	13597
TOTAL,KM2,BE21	2876	2876
TOTAL,KM2,BE211	1004	1004
TOTAL,KM2,BE212	512	512
TOTAL,KM2,BE213	1360	1360
TOTAL,KM2,BE22	2429	2428
TOTAL,KM2,BE221	909	909
TOTAL,KM2,BE222	886	886
TOTAL,KM2,BE223	634	634
TOTAL,KM2,BE23	3009	3008
TOTAL,KM2,BE231	473	473
TOTAL,KM2,BE232	347	347
TOTAL,KM2,BE233	336	336
TOTAL,KM2,BE234	950	950
TOTAL,KM2,BE235	423	423
TOTAL,KM2,BE236	480	480
TOTAL,KM2,BE24	2118	2119
TOTAL,KM2,BE241	949	949
TOTAL,KM2,BE242	1169	1169
TOTAL,KM2,BE25	3167	3167
TOTAL,KM2,BE251	665	665
TOTAL,KM2,BE252	365	365
TOTAL,KM2,BE253	554	554
TOTAL,KM2,BE254	406	406
TOTAL,KM2,BE255	293	293
TOTAL,KM2,BE256	274	274
TOTAL,KM2,BE257	332	332
TOTAL,KM2,BE258	278	278
TOTAL,KM2,BE3	16905	16905
TOTAL,KM2,BE31	1097	1097
TOTAL,KM2,BE310	1097	1097
TOTAL,KM2,BE32	3813	3814
TOTAL,KM2,BE321	491	491
TOTAL,KM2,BE322	559	559
TOTAL,KM2,BE323	589	589
TOTAL,KM2,BE324	102	102
TOTAL,KM2,BE325	519	519
TOTAL,KM2,BE326	940	940
TOTAL,KM2,BE327	613	613
TOTAL,KM2,BE33	3858	3858
TOTAL,KM2,BE331	661	661
TOTAL,KM2,BE332	796	796
TOTAL,KM2,BE334	390	390
TOTAL,KM2,BE335	1164	1164
TOTAL,KM2,BE336	847	847
TOTAL,KM2,BE34	4461	4460
TOTAL,KM2,BE341	319	319
TOTAL,KM2,BE342	1047	1047
TOTAL,KM2,BE343	958	958
TOTAL,KM2,BE344	1359	1359
TOTAL,KM2,BE345	778	778
TOTAL,KM2,BE35	3676	3676
TOTAL,KM2,BE351	1597	1597
TOTAL,KM2,BE352	1168	1168
TOTAL,KM2,BE353	911	911
TOTAL,KM2,BG	110996	110995
TOTAL,KM2,BG3	68329	68328
TOTAL,KM2,BG31	19068	19068
TOTAL,KM2,BG311	3035	3035
TOTAL,KM2,BG312	3629	3629
TOTAL,KM2,BG313	3620	3620
TOTAL,KM2,BG314	4651	4651
TOTAL,KM2,BG315	4133	4133
TOTAL,KM2,BG32	14812	14812
TOTAL,KM2,BG321	4661	4661
TOTAL,KM2,BG322	2023	2023
TOTAL,KM2,BG323	2868	2868
TOTAL,KM2,BG324	2414	2414
TOTAL,KM2,BG325	2846	2846
TOTAL,KM2,BG33	14648	14647
TOTAL,KM2,BG331	3822	3822
TOTAL,KM2,BG332	4720	4720
TOTAL,KM2,BG333	3395	3395
TOTAL,KM2,BG334	2711	2711
TOTAL,KM2,BG34	19801	19801
TOTAL,KM2,BG341	7751	7751
TOTAL,KM2,BG342	3544	3544
TOTAL,KM2,BG343	3356	3356
TOTAL,KM2,BG344	5150	5150
TOTAL,KM2,BG4	42667	42667
TOTAL,KM2,BG41	20301	20300
TOTAL,KM2,BG411	1342	1342
TOTAL,KM2,BG412	7063	7063
TOTAL,KM2,BG413	6451	6451
TOTAL,KM2,BG414	2392	2392
TOTAL,KM2,BG415	3053	3053
TOTAL,KM2,BG42	22366	22366
TOTAL,KM2,BG421	5961	5961
TOTAL,KM2,BG422	5532	5532
TOTAL,KM2,BG423	4456	4456
TOTAL,KM2,BG424	3205	3205
TOTAL,KM2,BG425	3212	3212
TOTAL,KM2,CH	41287	41289
TOTAL,KM2,CH0	41287	41289
TOTAL,KM2,CH01	8717	8718
TOTAL,KM2,CH011	3212	3212
TOTAL,KM2,CH012	5223	5223
TOTAL,KM2,CH013	282	282
TOTAL,KM2,CH02	10061	10060
TOTAL,KM2,CH021	5959	5959
TOTAL,KM2,CH022	1671	1671
TOTAL,KM2,CH023	789	789
TOTAL,KM2,CH024	803	803
TOTAL,KM2,CH025	839	839
TOTAL,KM2,CH03	1958	1958
TOTAL,KM2,CH031	37	37
TOTAL,KM2,CH032	517	517
TOTAL,KM2,CH033	1404	1404
TOTAL,KM2,CH04	1728	1728
TOTAL,KM2,CH040	1728	1728
TOTAL,KM2,CH05	11529	11529
TOTAL,KM2,CH051	686	686
TOTAL,KM2,CH052	298	298
TOTAL,KM2,CH053	243	243
TOTAL,KM2,CH054	172	172
TOTAL,KM2,CH055	2033	2033
TOTAL,KM2,CH056	7107	7107
TOTAL,KM2,CH057	990	990
TOTAL,KM2,CH06	4482	4483
TOTAL,KM2,CH061	1493	1493
TOTAL,KM2,CH062	1076	1076
TOTAL,KM2,CH063	907	907
TOTAL,KM2,CH064	491	491
TOTAL,KM2,CH065	276	276
TOTAL,KM2,CH066	239	239
TOTAL,KM2,CH07	2812	2812
TOTAL,KM2,CH070	2812	2812
TOTAL,KM2,CY	9253	9253
TOTAL,KM2,CY0	9253	9253
TOTAL,KM2,CY00	9253	9253
TOTAL,KM2,CY000	9253	9253
TOTAL,KM2,CZ	78871	78870
TOTAL,KM2,CZ0	78871	78870
TOTAL,KM2,CZ01	496	496
TOTAL,KM2,CZ010	496	496
TOTAL,KM2,CZ02	10929	10929
TOTAL,KM2,CZ020	10929	10929
TOTAL,KM2,CZ03	17707	17707
TOTAL,KM2,CZ031	10058	10058
TOTAL,KM2,CZ032	7649	7649
TOTAL,KM2,CZ04	8649	8649
TOTAL,KM2,CZ041	3310	3310
TOTAL,KM2,CZ042	5339	5339
TOTAL,KM2,CZ05	12441	12441
TOTAL,KM2,CZ051	3163	3163
TOTAL,KM2,CZ052	4759	4759
TOTAL,KM2,CZ053	4519	4519
TOTAL,KM2,CZ06	13984	13983
TOTAL,KM2,CZ063	6796	6796
TOTAL,KM2,CZ064	7188	7188
TOTAL,KM2,CZ07	9235	9234
TOTAL,KM2,CZ071	5273	5273
TOTAL,KM2,CZ072	3962	3962
TOTAL,KM2,CZ08	5430	5430
TOTAL,KM2,CZ080	5430	5430
TOTAL,KM2,DE	357569	357568
TOTAL,KM2,DE1	35745	35748
TOTAL,KM2,DE11	10556	10557
TOTAL,KM2,DE111	207	207
TOTAL,KM2,DE112	618	618
TOTAL,KM2,DE113	641	641
TOTAL,KM2,DE114	642	642
TOTAL,KM2,DE115	687	687
TOTAL,KM2,DE116	858	858
TOTAL,KM2,DE117	100	100
TOTAL,KM2,DE118	1100	1100
TOTAL,KM2,DE119	777	777
TOTAL,KM2,DE11A	1484	1484
TOTAL,KM2,DE11B	1304	1304
TOTAL,KM2,DE11C	627	627
TOTAL,KM2,DE11D	1511	1511
TOTAL,KM2,DE12	6917	6918
TOTAL,KM2,DE121	140	140
TOTAL,KM2,DE122	173	173
TOTAL,KM2,DE123	1085	1085
TOTAL,KM2,DE124	738	738
TOTAL,KM2,DE125	109	109
TOTAL,KM2,DE126	145	145
TOTAL,KM2,DE127	1126	1126
TOTAL,KM2,DE128	1062	1062
TOTAL,KM2,DE129	98	98
TOTAL,KM2,DE12A	797	797
TOTAL,KM2,DE12B	574	574
TOTAL,KM2,DE12C	870	870
TOTAL,KM2,DE13	9355	9356
TOTAL,KM2,DE131	153	153
TOTAL,KM2,DE132	1378	1378
TOTAL,KM2,DE133	680	680
TOTAL,KM2,DE134	1860	1860
TOTAL,KM2,DE135	769	769
TOTAL,KM2,DE136	1025	1025
TOTAL,KM2,DE137	734	734
TOTAL,KM2,DE138	818	818
TOTAL,KM2,DE139	807	807
TOTAL,KM2,DE13A	1131	1131
TOTAL,KM2,DE14	8917	8917
TOTAL,KM2,DE141	1092	1092
TOTAL,KM2,DE142	519	519
TOTAL,KM2,DE143	918	918
TOTAL,KM2,DE144	119	119
TOTAL,KM2,DE145	1359	1359
TOTAL,KM2,DE146	1409	1409
TOTAL,KM2,DE147	665	665
TOTAL,KM2,DE148	1632	1632
TOTAL,KM2,DE149	1204	1204
TOTAL,KM2,DE2	70543	70542
TOTAL,KM2,DE21	17528	17529
TOTAL,KM2,DE211	133	133
TOTAL,KM2,DE212	311	311
TOTAL,KM2,DE213	37	37
TOTAL,KM2,DE214	569	569
TOTAL,KM2,DE215	840	840
TOTAL,KM2,DE216	1111	1111
TOTAL,KM2,DE217	579	579
TOTAL,KM2,DE218	549	549
TOTAL,KM2,DE219	1214	1214
TOTAL,KM2,DE21A	871	871
TOTAL,KM2,DE21B	800	800
TOTAL,KM2,DE21C	435	435
TOTAL,KM2,DE21D	1012	1012
TOTAL,KM2,DE21E	804	804
TOTAL,KM2,DE21F	866	866
TOTAL,KM2,DE21G	805	805
TOTAL,KM2,DE21H	664	664
TOTAL,KM2,DE21I	740	740
TOTAL,KM2,DE21J	761	761
TOTAL,KM2,DE21K	1439	1439
TOTAL,KM2,DE21L	488	488
TOTAL,KM2,DE21M	1534	1534
TOTAL,KM2,DE21N	966	966
TOTAL,KM2,DE22	10328	10326
TOTAL,KM2,DE221	66	66
TOTAL,KM2,DE222	70	70
TOTAL,KM2,DE223	68	68
TOTAL,KM2,DE224	861	861
TOTAL,KM2,DE225	984	984
TOTAL,KM2,DE226	1065	1065
TOTAL,KM2,DE227	1348	1348
TOTAL,KM2,DE228	1530	1530
TOTAL,KM2,DE229	975	975
TOTAL,KM2,DE22A	1281	1281
TOTAL,KM2,DE22B	1202	1202
TOTAL,KM2,DE22C	878	878
TOTAL,KM2,DE23	9691	9690
TOTAL,KM2,DE231	50	50
TOTAL,KM2,DE232	81	81
TOTAL,KM2,DE233	71	71
TOTAL,KM2,DE234	1256	1256
TOTAL,KM2,DE235	1520	1520
TOTAL,KM2,DE236	1344	1344
TOTAL,KM2,DE237	1428	1428
TOTAL,KM2,DE238	1392	1392
TOTAL,KM2,DE239	1465	1465
TOTAL,KM2,DE23A	1084	1084
TOTAL,KM2,DE24	7232	7231
TOTAL,KM2,DE241	55	55
TOTAL,KM2,DE242	67	67
TOTAL,KM2,DE243	48	48
TOTAL,KM2,DE244	58	58
TOTAL,KM2,DE245	1168	1168
TOTAL,KM2,DE246	1274	1274
TOTAL,KM2,DE247	590	590
TOTAL,KM2,DE248	643	643
TOTAL,KM2,DE249	893	893
TOTAL,KM2,DE24A	652	652
TOTAL,KM2,DE24B	658	658
TOTAL,KM2,DE24C	520	520
TOTAL,KM2,DE24D	606	606
TOTAL,KM2,DE25	7243	7244
TOTAL,KM2,DE251	100	100
TOTAL,KM2,DE252	77	77
TOTAL,KM2,DE253	63	63
TOTAL,KM2,DE254	186	186
TOTAL,KM2,DE255	41	41
TOTAL,KM2,DE256	1971	1971
TOTAL,KM2,DE257	565	565
TOTAL,KM2,DE258	307	307
TOTAL,KM2,DE259	800	800
TOTAL,KM2,DE25A	1267	1267
TOTAL,KM2,DE25B	895	895
TOTAL,KM2,DE25C	971	971
TOTAL,KM2,DE26	8530	8530
TOTAL,KM2,DE261	62	62
TOTAL,KM2,DE262	36	36
TOTAL,KM2,DE263	88	88
TOTAL,KM2,DE264	699	699
TOTAL,KM2,DE265	1137	1137
TOTAL,KM2,DE266	1022	1022
TOTAL,KM2,DE267	956	956
TOTAL,KM2,DE268	684	684
TOTAL,KM2,DE269	716	716
TOTAL,KM2,DE26A	1321	1321
TOTAL,KM2,DE26B	841	841
TOTAL,KM2,DE26C	968	968
TOTAL,KM2,DE27	9991	9992
TOTAL,KM2,DE271	147	147
TOTAL,KM2,DE272	40	40
TOTAL,KM2,DE273	63	63
TOTAL,KM2,DE274	70	70
TOTAL,KM2,DE275	780	780
TOTAL,KM2,DE276	1071	1071
TOTAL,KM2,DE277	792	792
TOTAL,KM2,DE278	762	762
TOTAL,KM2,DE279	516	516
TOTAL,KM2,DE27A	323	323
TOTAL,KM2,DE27B	1394	1394
TOTAL,KM2,DE27C	1230	1230
TOTAL,KM2,DE27D	1275	1275
TOTAL,KM2,DE27E	1528	1528
TOTAL,KM2,DE3	891	891
TOTAL,KM2,DE30	891	891
TOTAL,KM2,DE300	891	891
TOTAL,KM2,DE4	29656	29654
TOTAL,KM2,DE40	29656	29654
TOTAL,KM2,DE401	230	230
TOTAL,KM2,DE402	166	166
TOTAL,KM2,DE403	148	148
TOTAL,KM2,DE404	188	188
TOTAL,KM2,DE405	1480	1480
TOTAL,KM2,DE406	2274	2274
TOTAL,KM2,DE407	1900	1900
TOTAL,KM2,DE408	1727	1727
TOTAL,KM2,DE409	2159	2159
TOTAL,KM2,DE40A	1808	1808
TOTAL,KM2,DE40B	1223	1223
TOTAL,KM2,DE40C	2257	2257
TOTAL,KM2,DE40D	2527	2527
TOTAL,KM2,DE40E	2592	2592
TOTAL,KM2,DE40F	2139	2139
TOTAL,KM2,DE40G	1657	1657
TOTAL,KM2,DE40H	2104	2104
TOTAL,KM2,DE40I	3077	3077
TOTAL,KM2,DE5	420	420
TOTAL,KM2,DE50	420	420
TOTAL,KM2,DE501	326	326
TOTAL,KM2,DE502	94	94
TOTAL,KM2,DE6	755	755
TOTAL,KM2,DE60	755	755
TOTAL,KM2,DE600	755	755
TOTAL,KM2,DE7	21115	21115
TOTAL,KM2,DE71	7445	7445
TOTAL,KM2,DE711	122	122
TOTAL,KM2,DE712	248	248
TOTAL,KM2,DE713	45	45
TOTAL,KM2,DE714	204	204
TOTAL,KM2,DE715	720	720
TOTAL,KM2,DE716	659	659
TOTAL,KM2,DE717	453	453
TOTAL,KM2,DE718	482	482
TOTAL,KM2,DE719	1398	1398
TOTAL,KM2,DE71A	222	222
TOTAL,KM2,DE71B	624	624
TOTAL,KM2,DE71C	356	356
TOTAL,KM2,DE71D	811	811
TOTAL,KM2,DE71E	1101	1101
TOTAL,KM2,DE72	5382	5381
TOTAL,KM2,DE721	855	855
TOTAL,KM2,DE722	1067	1067
TOTAL,KM2,DE723	738	738
TOTAL,KM2,DE724	1263	1263
TOTAL,KM2,DE725	1459	1459
TOTAL,KM2,DE73	8288	8289
TOTAL,KM2,DE731	107	107
TOTAL,KM2,DE732	1380	1380
TOTAL,KM2,DE733	1097	1097
TOTAL,KM2,DE734	1293	1293
TOTAL,KM2,DE735	1538	1538
TOTAL,KM2,DE736	1848	1848
TOTAL,KM2,DE737	1025	1025
TOTAL,KM2,DE8	23293	23293
TOTAL,KM2,DE80	23293	23293
TOTAL,KM2,DE803	181	181
TOTAL,KM2,DE804	131	131
TOTAL,KM2,DE80J	5496	5496
TOTAL,KM2,DE80K	3431	3431
TOTAL,KM2,DE80L	3214	3214
TOTAL,KM2,DE80M	2127	2127
TOTAL,KM2,DE80N	3946	3946
TOTAL,KM2,DE80O	4767	4767
TOTAL,KM2,DE9	47710	47707
TOTAL,KM2,DE91	8116	8115
TOTAL,KM2,DE911	193	193
TOTAL,KM2,DE912	224	224
TOTAL,KM2,DE913	205	205
TOTAL,KM2,DE914	1568	1568
TOTAL,KM2,DE915	1117	1117
TOTAL,KM2,DE916	967	967
TOTAL,KM2,DE917	676	676
TOTAL,KM2,DE918	1269	1269
TOTAL,KM2,DE919	636	636
TOTAL,KM2,DE91A	537	537
TOTAL,KM2,DE91B	724	724
TOTAL,KM2,DE91C	1753	: z
TOTAL,KM2,DE92	9065	9065
TOTAL,KM2,DE922	1991	1991
TOTAL,KM2,DE923	798	798
TOTAL,KM2,DE925	1208	1208
TOTAL,KM2,DE926	694	694
TOTAL,KM2,DE927	1401	1401
TOTAL,KM2,DE928	676	676
TOTAL,KM2,DE929	2297	2297
TOTAL,KM2,DE93	15542	15542
TOTAL,KM2,DE931	1551	1551
TOTAL,KM2,DE932	2059	2059
TOTAL,KM2,DE933	1249	1249
TOTAL,KM2,DE934	1227	1227
TOTAL,KM2,DE935	1328	1328
TOTAL,KM2,DE936	653	653
TOTAL,KM2,DE937	2075	2075
TOTAL,KM2,DE938	1881	1881
TOTAL,KM2,DE939	1267	1267
TOTAL,KM2,DE93A	1463	1463
TOTAL,KM2,DE93B	789	789
TOTAL,KM2,DE94	14987	14986
TOTAL,KM2,DE941	62	62
TOTAL,KM2,DE942	112	112
TOTAL,KM2,DE943	103	103
TOTAL,KM2,DE944	120	120
TOTAL,KM2,DE945	107	107
TOTAL,KM2,DE946	731	731
TOTAL,KM2,DE947	1287	1287
TOTAL,KM2,DE948	1420	1420
TOTAL,KM2,DE949	2884	2884
TOTAL,KM2,DE94A	610	610
TOTAL,KM2,DE94B	982	982
TOTAL,KM2,DE94C	1086	1086
TOTAL,KM2,DE94D	1065	1065
TOTAL,KM2,DE94E	2122	2122
TOTAL,KM2,DE94F	814	814
TOTAL,KM2,DE94G	825	825
TOTAL,KM2,DE94H	657	657
TOTAL,KM2,DEA	34110	34113
TOTAL,KM2,DEA1	5291	5292
TOTAL,KM2,DEA11	217	217
TOTAL,KM2,DEA12	233	233
TOTAL,KM2,DEA13	210	210
TOTAL,KM2,DEA14	138	138
TOTAL,KM2,DEA15	170	170
TOTAL,KM2,DEA16	91	91
TOTAL,KM2,DEA17	77	77
TOTAL,KM2,DEA18	75	75
TOTAL,KM2,DEA19	90	90
TOTAL,KM2,DEA1A	168	168
TOTAL,KM2,DEA1B	1233	1233
TOTAL,KM2,DEA1C	407	407
TOTAL,KM2,DEA1D	576	576
TOTAL,KM2,DEA1E	563	563
TOTAL,KM2,DEA1F	1043	1043
TOTAL,KM2,DEA2	7365	7364
TOTAL,KM2,DEA22	141	141
TOTAL,KM2,DEA23	405	405
TOTAL,KM2,DEA24	79	79
TOTAL,KM2,DEA26	942	942
TOTAL,KM2,DEA27	705	705
TOTAL,KM2,DEA28	1249	1249
TOTAL,KM2,DEA29	628	628
TOTAL,KM2,DEA2A	919	919
TOTAL,KM2,DEA2B	437	437
TOTAL,KM2,DEA2C	1153	1153
TOTAL,KM2,DEA2D	707	707
TOTAL,KM2,DEA3	6918	6918
TOTAL,KM2,DEA31	101	101
TOTAL,KM2,DEA32	105	105
TOTAL,KM2,DEA33	303	303
TOTAL,KM2,DEA34	1421	1421
TOTAL,KM2,DEA35	1112	1112
TOTAL,KM2,DEA36	761	761
TOTAL,KM2,DEA37	1796	1796
TOTAL,KM2,DEA38	1319	1319
TOTAL,KM2,DEA4	6524	6525
TOTAL,KM2,DEA41	259	259
TOTAL,KM2,DEA42	969	969
TOTAL,KM2,DEA43	450	450
TOTAL,KM2,DEA44	1201	1201
TOTAL,KM2,DEA45	1246	1246
TOTAL,KM2,DEA46	1152	1152
TOTAL,KM2,DEA47	1247	1247
TOTAL,KM2,DEA5	8012	8012
TOTAL,KM2,DEA51	146	146
TOTAL,KM2,DEA52	281	281
TOTAL,KM2,DEA53	160	160
TOTAL,KM2,DEA54	226	226
TOTAL,KM2,DEA55	51	51
TOTAL,KM2,DEA56	410	410
TOTAL,KM2,DEA57	1960	1960
TOTAL,KM2,DEA58	1061	1061
TOTAL,KM2,DEA59	712	712
TOTAL,KM2,DEA5A	1133	1133
TOTAL,KM2,DEA5B	1329	1329
TOTAL,KM2,DEA5C	543	543
TOTAL,KM2,DEB	19853	19852
TOTAL,KM2,DEB1	8075	8075
TOTAL,KM2,DEB11	105	105
TOTAL,KM2,DEB12	787	787
TOTAL,KM2,DEB13	642	642
TOTAL,KM2,DEB14	864	864
TOTAL,KM2,DEB15	777	777
TOTAL,KM2,DEB16	692	692
TOTAL,KM2,DEB17	818	818
TOTAL,KM2,DEB18	627	627
TOTAL,KM2,DEB19	991	991
TOTAL,KM2,DEB1A	782	782
TOTAL,KM2,DEB1B	989	989
TOTAL,KM2,DEB1C	720	: z
TOTAL,KM2,DEB1D	964	: z
TOTAL,KM2,DEB2	4926	4926
TOTAL,KM2,DEB21	117	117
TOTAL,KM2,DEB22	1168	1168
TOTAL,KM2,DEB23	1627	1627
TOTAL,KM2,DEB24	912	912
TOTAL,KM2,DEB25	1102	1102
TOTAL,KM2,DEB3	6852	6851
TOTAL,KM2,DEB31	44	44
TOTAL,KM2,DEB32	140	140
TOTAL,KM2,DEB33	83	83
TOTAL,KM2,DEB34	77	77
TOTAL,KM2,DEB35	98	98
TOTAL,KM2,DEB36	117	117
TOTAL,KM2,DEB37	61	61
TOTAL,KM2,DEB38	43	43
TOTAL,KM2,DEB39	109	109
TOTAL,KM2,DEB3A	71	71
TOTAL,KM2,DEB3B	588	588
TOTAL,KM2,DEB3C	595	595
TOTAL,KM2,DEB3D	645	645
TOTAL,KM2,DEB3E	463	463
TOTAL,KM2,DEB3F	640	640
TOTAL,KM2,DEB3G	574	574
TOTAL,KM2,DEB3H	640	640
TOTAL,KM2,DEB3I	305	305
TOTAL,KM2,DEB3J	605	605
TOTAL,KM2,DEB3K	954	954
TOTAL,KM2,DEC	2571	2571
TOTAL,KM2,DEC0	2571	2571
TOTAL,KM2,DEC01	411	411
TOTAL,KM2,DEC02	557	557
TOTAL,KM2,DEC03	250	250
TOTAL,KM2,DEC04	459	459
TOTAL,KM2,DEC05	418	418
TOTAL,KM2,DEC06	476	476
TOTAL,KM2,DED	18450	18450
TOTAL,KM2,DED2	7944	7944
TOTAL,KM2,DED21	328	328
TOTAL,KM2,DED2C	2396	2396
TOTAL,KM2,DED2D	2111	2111
TOTAL,KM2,DED2E	1455	1455
TOTAL,KM2,DED2F	1654	1654
TOTAL,KM2,DED4	6528	6528
TOTAL,KM2,DED41	221	221
TOTAL,KM2,DED42	1828	1828
TOTAL,KM2,DED43	2117	2117
TOTAL,KM2,DED44	1412	1412
TOTAL,KM2,DED45	950	950
TOTAL,KM2,DED5	3978	3978
TOTAL,KM2,DED51	298	298
TOTAL,KM2,DED52	1651	1651
TOTAL,KM2,DED53	2029	2029
TOTAL,KM2,DEE	20454	20452
TOTAL,KM2,DEE0	20454	20452
TOTAL,KM2,DEE01	245	245
TOTAL,KM2,DEE02	135	135
TOTAL,KM2,DEE03	201	201
TOTAL,KM2,DEE04	2293	2293
TOTAL,KM2,DEE05	1454	1454
TOTAL,KM2,DEE06	1577	1577
TOTAL,KM2,DEE07	2367	2367
TOTAL,KM2,DEE08	1414	1414
TOTAL,KM2,DEE09	2105	2105
TOTAL,KM2,DEE0A	1449	1449
TOTAL,KM2,DEE0B	1434	1434
TOTAL,KM2,DEE0C	1427	1427
TOTAL,KM2,DEE0D	2423	2423
TOTAL,KM2,DEE0E	1930	1930
TOTAL,KM2,DEF	15802	15802
TOTAL,KM2,DEF0	15802	15802
TOTAL,KM2,DEF01	57	57
TOTAL,KM2,DEF02	119	119
TOTAL,KM2,DEF03	214	214
TOTAL,KM2,DEF04	72	72
TOTAL,KM2,DEF05	1428	1428
TOTAL,KM2,DEF06	1263	1263
TOTAL,KM2,DEF07	2083	2083
TOTAL,KM2,DEF08	1393	1393
TOTAL,KM2,DEF09	664	664
TOTAL,KM2,DEF0A	1083	1083
TOTAL,KM2,DEF0B	2189	2189
TOTAL,KM2,DEF0C	2071	2071
TOTAL,KM2,DEF0D	1344	1344
TOTAL,KM2,DEF0E	1056	1056
TOTAL,KM2,DEF0F	766	766
TOTAL,KM2,DEG	16201	16202
TOTAL,KM2,DEG0	16201	16202
TOTAL,KM2,DEG01	270	270
TOTAL,KM2,DEG02	152	152
TOTAL,KM2,DEG03	115	115
TOTAL,KM2,DEG04	103	103
TOTAL,KM2,DEG05	84	84
TOTAL,KM2,DEG06	943	943
TOTAL,KM2,DEG07	714	714
TOTAL,KM2,DEG09	980	980
TOTAL,KM2,DEG0A	1038	1038
TOTAL,KM2,DEG0B	1211	1211
TOTAL,KM2,DEG0C	936	936
TOTAL,KM2,DEG0D	807	807
TOTAL,KM2,DEG0E	938	938
TOTAL,KM2,DEG0F	844	844
TOTAL,KM2,DEG0G	804	804
TOTAL,KM2,DEG0H	434	434
TOTAL,KM2,DEG0I	1036	1036
TOTAL,KM2,DEG0J	815	815
TOTAL,KM2,DEG0K	1151	1151
TOTAL,KM2,DEG0L	846	846
TOTAL,KM2,DEG0M	569	569
TOTAL,KM2,DEG0N	104	104
TOTAL,KM2,DEG0P	1307	1307
TOTAL,KM2,DK	42925	42926
TOTAL,KM2,DK0	42925	42926
TOTAL,KM2,DK01	2559	2559
TOTAL,KM2,DK011	180	180
TOTAL,KM2,DK012	342	342
TOTAL,KM2,DK013	1449	1449
TOTAL,KM2,DK014	588	588
TOTAL,KM2,DK02	7224	7224
TOTAL,KM2,DK021	808	808
TOTAL,KM2,DK022	6416	6416
TOTAL,KM2,DK03	12256	12256
TOTAL,KM2,DK031	3479	3479
TOTAL,KM2,DK032	8777	8777
TOTAL,KM2,DK04	13007	13007
TOTAL,KM2,DK041	7165	7165
TOTAL,KM2,DK042	5842	5842
TOTAL,KM2,DK05	7879	7879
TOTAL,KM2,DK050	7879	7879
TOTAL,KM2,EA19	2844979	2844997
TOTAL,KM2,EE	45336	45336
TOTAL,KM2,EE0	45336	45336
TOTAL,KM2,EE00	45336	45336
TOTAL,KM2,EE001	4338	4338
TOTAL,KM2,EE004	11193	11193
TOTAL,KM2,EE006	9068	9068
TOTAL,KM2,EE007	4019	4019
TOTAL,KM2,EE008	16718	16718
TOTAL,KM2,EL	131694	131692
TOTAL,KM2,EL3	3817	3816
TOTAL,KM2,EL30	3817	3816
TOTAL,KM2,EL301	134	134
TOTAL,KM2,EL302	68	68
TOTAL,KM2,EL303	88	88
TOTAL,KM2,EL304	71	71
TOTAL,KM2,EL305	1515	1515
TOTAL,KM2,EL306	1005	1005
TOTAL,KM2,EL307	936	936
TOTAL,KM2,EL4	17505	17505
TOTAL,KM2,EL41	3848	3848
TOTAL,KM2,EL411	2161	2161
TOTAL,KM2,EL412	780	780
TOTAL,KM2,EL413	907	907
TOTAL,KM2,EL42	5311	5311
TOTAL,KM2,EL421	2712	2712
TOTAL,KM2,EL422	2599	2599
TOTAL,KM2,EL43	8346	8346
TOTAL,KM2,EL431	2642	2642
TOTAL,KM2,EL432	1828	1828
TOTAL,KM2,EL433	1497	1497
TOTAL,KM2,EL434	2379	2379
TOTAL,KM2,EL5	51638	51638
TOTAL,KM2,EL51	14186	14185
TOTAL,KM2,EL511	4247	4247
TOTAL,KM2,EL512	1799	1799
TOTAL,KM2,EL513	2550	2550
TOTAL,KM2,EL514	3468	3468
TOTAL,KM2,EL515	2122	2122
TOTAL,KM2,EL52	18838	18839
TOTAL,KM2,EL521	1704	1704
TOTAL,KM2,EL522	3683	3683
TOTAL,KM2,EL523	2524	2524
TOTAL,KM2,EL524	2507	2507
TOTAL,KM2,EL525	1524	1524
TOTAL,KM2,EL526	3972	3972
TOTAL,KM2,EL527	2924	2924
TOTAL,KM2,EL53	9462	9462
TOTAL,KM2,EL531	5812	5812
TOTAL,KM2,EL532	1724	1724
TOTAL,KM2,EL533	1926	1926
TOTAL,KM2,EL54	9152	9152
TOTAL,KM2,EL541	2644	2644
TOTAL,KM2,EL542	1516	1516
TOTAL,KM2,EL543	4992	4992
TOTAL,KM2,EL6	58734	58733
TOTAL,KM2,EL61	14050	14051
TOTAL,KM2,EL611	6023	6023
TOTAL,KM2,EL612	5387	5387
TOTAL,KM2,EL613	2640	2640
TOTAL,KM2,EL62	2301	2301
TOTAL,KM2,EL621	407	407
TOTAL,KM2,EL622	637	637
TOTAL,KM2,EL623	903	903
TOTAL,KM2,EL624	354	354
TOTAL,KM2,EL63	11314	11313
TOTAL,KM2,EL631	5419	5419
TOTAL,KM2,EL632	3273	3273
TOTAL,KM2,EL633	2622	2622
TOTAL,KM2,EL64	15560	15560
TOTAL,KM2,EL641	2955	2955
TOTAL,KM2,EL642	4167	4167
TOTAL,KM2,EL643	1870	1870
TOTAL,KM2,EL644	4442	4442
TOTAL,KM2,EL645	2126	2126
TOTAL,KM2,EL65	15509	15508
TOTAL,KM2,EL651	6576	6576
TOTAL,KM2,EL652	2295	2295
TOTAL,KM2,EL653	6638	6638
TOTAL,KM2,ES	505983	505983
TOTAL,KM2,ES1	45498	45498
TOTAL,KM2,ES11	29571	29570
TOTAL,KM2,ES111	7949	7949
TOTAL,KM2,ES112	9855	9855
TOTAL,KM2,ES113	7273	7273
TOTAL,KM2,ES114	4494	4494
TOTAL,KM2,ES12	10601	10601
TOTAL,KM2,ES120	10601	10601
TOTAL,KM2,ES13	5326	5326
TOTAL,KM2,ES130	5326	5326
TOTAL,KM2,ES2	70387	70386
TOTAL,KM2,ES21	7229	7229
TOTAL,KM2,ES211	3037	3037
TOTAL,KM2,ES212	1980	1980
TOTAL,KM2,ES213	2212	2212
TOTAL,KM2,ES22	10391	10391
TOTAL,KM2,ES220	10391	10391
TOTAL,KM2,ES23	5045	5045
TOTAL,KM2,ES230	5045	5045
TOTAL,KM2,ES24	47722	47721
TOTAL,KM2,ES241	15637	15637
TOTAL,KM2,ES242	14810	14810
TOTAL,KM2,ES243	17275	17275
TOTAL,KM2,ES3	8031	8031
TOTAL,KM2,ES30	8031	8031
TOTAL,KM2,ES300	8031	8031
TOTAL,KM2,ES4	215317	215318
TOTAL,KM2,ES41	94225	94226
TOTAL,KM2,ES411	8050	8050
TOTAL,KM2,ES412	14291	14291
TOTAL,KM2,ES413	15581	15581
TOTAL,KM2,ES414	8052	8052
TOTAL,KM2,ES415	12350	12350
TOTAL,KM2,ES416	6924	6924
TOTAL,KM2,ES417	10306	10306
TOTAL,KM2,ES418	8110	8110
TOTAL,KM2,ES419	10561	10561
TOTAL,KM2,ES42	79458	79458
TOTAL,KM2,ES421	14927	14927
TOTAL,KM2,ES422	19814	19814
TOTAL,KM2,ES423	17140	17140
TOTAL,KM2,ES424	12210	12210
TOTAL,KM2,ES425	15367	15367
TOTAL,KM2,ES43	41634	41634
TOTAL,KM2,ES431	21766	21766
TOTAL,KM2,ES432	19868	19868
TOTAL,KM2,ES5	60355	60357
TOTAL,KM2,ES51	32110	32110
TOTAL,KM2,ES511	7729	7729
TOTAL,KM2,ES512	5909	5909
TOTAL,KM2,ES513	12169	12169
TOTAL,KM2,ES514	6303	6303
TOTAL,KM2,ES52	23255	23255
TOTAL,KM2,ES521	5817	5817
TOTAL,KM2,ES522	6632	6632
TOTAL,KM2,ES523	10806	10806
TOTAL,KM2,ES53	4990	4991
TOTAL,KM2,ES531	655	655
TOTAL,KM2,ES532	3640	3640
TOTAL,KM2,ES533	695	695
TOTAL,KM2,ES6	98948	98947
TOTAL,KM2,ES61	87600	87600
TOTAL,KM2,ES611	8775	8775
TOTAL,KM2,ES612	7436	7436
TOTAL,KM2,ES613	13772	13772
TOTAL,KM2,ES614	12648	12648
TOTAL,KM2,ES615	10128	10128
TOTAL,KM2,ES616	13496	13496
TOTAL,KM2,ES617	7309	7309
TOTAL,KM2,ES618	14036	14036
TOTAL,KM2,ES62	11314	11314
TOTAL,KM2,ES620	11314	11314
TOTAL,KM2,ES63	20	20
TOTAL,KM2,ES630	20	20
TOTAL,KM2,ES64	14	14
TOTAL,KM2,ES640	14	14
TOTAL,KM2,ES7	7447	7447
TOTAL,KM2,ES70	7447	7447
TOTAL,KM2,ES703	269	269
TOTAL,KM2,ES704	1660	1660
TOTAL,KM2,ES705	1560	1560
TOTAL,KM2,ES706	370	370
TOTAL,KM2,ES707	708	708
TOTAL,KM2,ES708	846	846
TOTAL,KM2,ES709	2034	2034
TOTAL,KM2,EU27_2020	4225127	4225144
TOTAL,KM2,EU28	4469508	4473680
TOTAL,KM2,FI	338411	338441
TOTAL,KM2,FI1	336830	336859
TOTAL,KM2,FI19	64763	64763
TOTAL,KM2,FI193	19949	19949
TOTAL,KM2,FI194	13999	13999
TOTAL,KM2,FI195	7934	7934
TOTAL,KM2,FI196	8268	8268
TOTAL,KM2,FI197	14613	14613
TOTAL,KM2,FI1B	9568	9568
TOTAL,KM2,FI1B1	9568	9568
TOTAL,KM2,FI1C	35379	35378
TOTAL,KM2,FI1C1	10910	10910
TOTAL,KM2,FI1C2	5708	5708
TOTAL,KM2,FI1C3	6255	6255
TOTAL,KM2,FI1C4	5634	5634
TOTAL,KM2,FI1C5	6872	6872
TOTAL,KM2,FI1D	227120	227151
TOTAL,KM2,FI1D1	19130	19130
TOTAL,KM2,FI1D2	20366	20366
TOTAL,KM2,FI1D3	21584	21584
TOTAL,KM2,FI1D4	24451	24451
TOTAL,KM2,FI1D5	5219	5219
TOTAL,KM2,FI1D6	37417	37417
TOTAL,KM2,FI1D7	98983	98983
TOTAL,KM2,FI1D8	22688	: z
TOTAL,KM2,FI1D9	39150	: z
TOTAL,KM2,FI2	1581	1581
TOTAL,KM2,FI20	1581	1581
TOTAL,KM2,FI200	1581	1581
TOTAL,KM2,FR	638475	638474
TOTAL,KM2,FR1	12070	12069
TOTAL,KM2,FR10	12070	12069
TOTAL,KM2,FR101	105	105
TOTAL,KM2,FR102	5927	5927
TOTAL,KM2,FR103	2307	2307
TOTAL,KM2,FR104	1820	1820
TOTAL,KM2,FR105	176	176
TOTAL,KM2,FR106	237	237
TOTAL,KM2,FR107	245	245
TOTAL,KM2,FR108	1253	1253
TOTAL,KM2,FR2	146620	146620
TOTAL,KM2,FR21	25719	25719
TOTAL,KM2,FR211	5245	5245
TOTAL,KM2,FR212	6028	6028
TOTAL,KM2,FR213	8190	8190
TOTAL,KM2,FR214	6257	6257
TOTAL,KM2,FR22	19505	19505
TOTAL,KM2,FR221	7419	7419
TOTAL,KM2,FR222	5890	5890
TOTAL,KM2,FR223	6196	6196
TOTAL,KM2,FR23	12354	12354
TOTAL,KM2,FR231	6034	6034
TOTAL,KM2,FR232	6321	6321
TOTAL,KM2,FR24	39530	39530
TOTAL,KM2,FR241	7306	7306
TOTAL,KM2,FR242	5932	5932
TOTAL,KM2,FR243	6899	6899
TOTAL,KM2,FR244	6157	6157
TOTAL,KM2,FR245	6422	6422
TOTAL,KM2,FR246	6813	6813
TOTAL,KM2,FR25	17759	17759
TOTAL,KM2,FR251	5605	5605
TOTAL,KM2,FR252	6007	6007
TOTAL,KM2,FR253	6146	6146
TOTAL,KM2,FR26	31753	31753
TOTAL,KM2,FR261	8802	8802
TOTAL,KM2,FR262	6875	6875
TOTAL,KM2,FR263	8615	8615
TOTAL,KM2,FR264	7462	7462
TOTAL,KM2,FR3	12445	12445
TOTAL,KM2,FR30	12445	12445
TOTAL,KM2,FR301	5750	5750
TOTAL,KM2,FR302	6694	6694
TOTAL,KM2,FR4	48306	48306
TOTAL,KM2,FR41	23669	23669
TOTAL,KM2,FR411	5285	5285
TOTAL,KM2,FR412	6235	6235
TOTAL,KM2,FR413	6252	6252
TOTAL,KM2,FR414	5897	5897
TOTAL,KM2,FR42	8329	8329
TOTAL,KM2,FR421	4797	4797
TOTAL,KM2,FR422	3532	3532
TOTAL,KM2,FR43	16307	16307
TOTAL,KM2,FR431	5256	5256
TOTAL,KM2,FR432	5050	5050
TOTAL,KM2,FR433	5391	5391
TOTAL,KM2,FR434	611	611
TOTAL,KM2,FR5	85814	85814
TOTAL,KM2,FR51	32376	32376
TOTAL,KM2,FR511	6912	6912
TOTAL,KM2,FR512	7232	7232
TOTAL,KM2,FR513	5213	5213
TOTAL,KM2,FR514	6246	6246
TOTAL,KM2,FR515	6773	6773
TOTAL,KM2,FR52	27471	27471
TOTAL,KM2,FR521	6988	6988
TOTAL,KM2,FR522	6765	6765
TOTAL,KM2,FR523	6839	6839
TOTAL,KM2,FR524	6879	6879
TOTAL,KM2,FR53	25967	25967
TOTAL,KM2,FR531	5974	5974
TOTAL,KM2,FR532	6914	6914
TOTAL,KM2,FR533	6040	6040
TOTAL,KM2,FR534	7039	7039
TOTAL,KM2,FR6	104463	104463
TOTAL,KM2,FR61	41804	41804
TOTAL,KM2,FR611	9222	9222
TOTAL,KM2,FR612	10160	10160
TOTAL,KM2,FR613	9352	9352
TOTAL,KM2,FR614	5385	5385
TOTAL,KM2,FR615	7685	7685
TOTAL,KM2,FR62	45603	45603
TOTAL,KM2,FR621	4911	4911
TOTAL,KM2,FR622	8773	8773
TOTAL,KM2,FR623	6358	6358
TOTAL,KM2,FR624	6301	6301
TOTAL,KM2,FR625	5226	5226
TOTAL,KM2,FR626	4521	4521
TOTAL,KM2,FR627	5782	5782
TOTAL,KM2,FR628	3731	3731
TOTAL,KM2,FR63	17056	17056
TOTAL,KM2,FR631	5899	5899
TOTAL,KM2,FR632	5600	5600
TOTAL,KM2,FR633	5557	5557
TOTAL,KM2,FR7	71136	71136
TOTAL,KM2,FR71	44963	44963
TOTAL,KM2,FR711	5785	5785
TOTAL,KM2,FR712	5566	5566
TOTAL,KM2,FR713	6559	6559
TOTAL,KM2,FR714	7879	7879
TOTAL,KM2,FR715	4804	4804
TOTAL,KM2,FR716	3259	3259
TOTAL,KM2,FR717	6270	6270
TOTAL,KM2,FR718	4840	4840
TOTAL,KM2,FR72	26173	26173
TOTAL,KM2,FR721	7379	7379
TOTAL,KM2,FR722	5774	5774
TOTAL,KM2,FR723	5004	5004
TOTAL,KM2,FR724	8015	8015
TOTAL,KM2,FR8	68207	68207
TOTAL,KM2,FR81	27643	27643
TOTAL,KM2,FR811	6323	6323
TOTAL,KM2,FR812	5875	5875
TOTAL,KM2,FR813	6162	6162
TOTAL,KM2,FR814	5176	5176
TOTAL,KM2,FR815	4107	4107
TOTAL,KM2,FR82	31838	31838TOTAL,KM2,FR821	6995	6995
TOTAL,KM2,FR822	5691	5691
TOTAL,KM2,FR823	4296	4296
TOTAL,KM2,FR824	5247	5247
TOTAL,KM2,FR825	6032	6032
TOTAL,KM2,FR826	3578	3578
TOTAL,KM2,FR83	8726	8726
TOTAL,KM2,FR831	4019	4019
TOTAL,KM2,FR832	4707	4707
TOTAL,KM2,FRA	89414	89414
TOTAL,KM2,FRA1	1685	1685
TOTAL,KM2,FRA10	1685	1685
TOTAL,KM2,FRA2	1108	1108
TOTAL,KM2,FRA20	1108	1108
TOTAL,KM2,FRA3	83751	83751
TOTAL,KM2,FRA30	83751	83751
TOTAL,KM2,FRA4	2504	2504
TOTAL,KM2,FRA40	2504	2504
TOTAL,KM2,FRA5	367	367
TOTAL,KM2,FRA50	367	367
TOTAL,KM2,FRB	39529	: z
TOTAL,KM2,FRB0	39529	: z
TOTAL,KM2,FRB01	7306	: z
TOTAL,KM2,FRB02	5932	: z
TOTAL,KM2,FRB03	6899	: z
TOTAL,KM2,FRB04	6157	: z
TOTAL,KM2,FRB05	6422	: z
TOTAL,KM2,FRB06	6813	: z
TOTAL,KM2,FRC	48062	: z
TOTAL,KM2,FRC1	31754	: z
TOTAL,KM2,FRC11	8802	: z
TOTAL,KM2,FRC12	6875	: z
TOTAL,KM2,FRC13	8615	: z
TOTAL,KM2,FRC14	7462	: z
TOTAL,KM2,FRC2	16308	: z
TOTAL,KM2,FRC21	5256	: z
TOTAL,KM2,FRC22	5050	: z
TOTAL,KM2,FRC23	5391	: z
TOTAL,KM2,FRC24	611	: z
TOTAL,KM2,FRD	30113	: z
TOTAL,KM2,FRD1	17758	: z
TOTAL,KM2,FRD11	5605	: z
TOTAL,KM2,FRD12	6007	: z
TOTAL,KM2,FRD13	6146	: z
TOTAL,KM2,FRD2	12355	: z
TOTAL,KM2,FRD21	6034	: z
TOTAL,KM2,FRD22	6321	: z
TOTAL,KM2,FRE	31949	: z
TOTAL,KM2,FRE1	12444	: z
TOTAL,KM2,FRE11	5750	: z
TOTAL,KM2,FRE12	6694	: z
TOTAL,KM2,FRE2	19505	: z
TOTAL,KM2,FRE21	7419	: z
TOTAL,KM2,FRE22	5890	: z
TOTAL,KM2,FRE23	6196	: z
TOTAL,KM2,FRF	57718	: z
TOTAL,KM2,FRF1	8329	: z
TOTAL,KM2,FRF11	4797	: z
TOTAL,KM2,FRF12	3532	: z
TOTAL,KM2,FRF2	25720	: z
TOTAL,KM2,FRF21	5245	: z
TOTAL,KM2,FRF22	6028	: z
TOTAL,KM2,FRF23	8190	: z
TOTAL,KM2,FRF24	6257	: z
TOTAL,KM2,FRF3	23669	: z
TOTAL,KM2,FRF31	5285	: z
TOTAL,KM2,FRF32	6235	: z
TOTAL,KM2,FRF33	6252	: z
TOTAL,KM2,FRF34	5897	: z
TOTAL,KM2,FRG	32376	: z
TOTAL,KM2,FRG0	32376	: z
TOTAL,KM2,FRG01	6912	: z
TOTAL,KM2,FRG02	7232	: z
TOTAL,KM2,FRG03	5213	: z
TOTAL,KM2,FRG04	6246	: z
TOTAL,KM2,FRG05	6773	: z
TOTAL,KM2,FRH	27471	: z
TOTAL,KM2,FRH0	27471	: z
TOTAL,KM2,FRH01	6988	: z
TOTAL,KM2,FRH02	6765	: z
TOTAL,KM2,FRH03	6839	: z
TOTAL,KM2,FRH04	6879	: z
TOTAL,KM2,FRI	84827	: z
TOTAL,KM2,FRI1	41804	: z
TOTAL,KM2,FRI11	9222	: z
TOTAL,KM2,FRI12	10160	: z
TOTAL,KM2,FRI13	9352	: z
TOTAL,KM2,FRI14	5385	: z
TOTAL,KM2,FRI15	7685	: z
TOTAL,KM2,FRI2	17056	: z
TOTAL,KM2,FRI21	5899	: z
TOTAL,KM2,FRI22	5600	: z
TOTAL,KM2,FRI23	5557	: z
TOTAL,KM2,FRI3	25967	: z
TOTAL,KM2,FRI31	5974	: z
TOTAL,KM2,FRI32	6914	: z
TOTAL,KM2,FRI33	6040	: z
TOTAL,KM2,FRI34	7039	: z
TOTAL,KM2,FRJ	73246	: z
TOTAL,KM2,FRJ1	27643	: z
TOTAL,KM2,FRJ11	6323	: z
TOTAL,KM2,FRJ12	5875	: z
TOTAL,KM2,FRJ13	6162	: z
TOTAL,KM2,FRJ14	5176	: z
TOTAL,KM2,FRJ15	4107	: z
TOTAL,KM2,FRJ2	45603	: z
TOTAL,KM2,FRJ21	4911	: z
TOTAL,KM2,FRJ22	8773	: z
TOTAL,KM2,FRJ23	6358	: z
TOTAL,KM2,FRJ24	6301	: z
TOTAL,KM2,FRJ25	5226	: z
TOTAL,KM2,FRJ26	4521	: z
TOTAL,KM2,FRJ27	5782	: z
TOTAL,KM2,FRJ28	3731	: z
TOTAL,KM2,FRK	71134	: z
TOTAL,KM2,FRK1	26172	: z
TOTAL,KM2,FRK11	7379	: z
TOTAL,KM2,FRK12	5774	: z
TOTAL,KM2,FRK13	5004	: z
TOTAL,KM2,FRK14	8015	: z
TOTAL,KM2,FRK2	44962	: z
TOTAL,KM2,FRK21	5785	: z
TOTAL,KM2,FRK22	5566	: z
TOTAL,KM2,FRK23	6559	: z
TOTAL,KM2,FRK24	7879	: z
TOTAL,KM2,FRK25	4804	: z
TOTAL,KM2,FRK26	3259	: z
TOTAL,KM2,FRK27	6270	: z
TOTAL,KM2,FRK28	4840	: z
TOTAL,KM2,FRL	31839	: z
TOTAL,KM2,FRL0	31839	: z
TOTAL,KM2,FRL01	6995	: z
TOTAL,KM2,FRL02	5691	: z
TOTAL,KM2,FRL03	4296	: z
TOTAL,KM2,FRL04	5247	: z
TOTAL,KM2,FRL05	6032	: z
TOTAL,KM2,FRL06	3578	: z
TOTAL,KM2,FRM	8726	: z
TOTAL,KM2,FRM0	8726	: z
TOTAL,KM2,FRM01	4019	: z
TOTAL,KM2,FRM02	4707	: z
TOTAL,KM2,FRY	89415	: z
TOTAL,KM2,FRY1	1685	: z
TOTAL,KM2,FRY10	1685	: z
TOTAL,KM2,FRY2	1108	: z
TOTAL,KM2,FRY20	1108	: z
TOTAL,KM2,FRY3	83751	: z
TOTAL,KM2,FRY30	83751	: z
TOTAL,KM2,FRY4	2504	: z
TOTAL,KM2,FRY40	2504	: z
TOTAL,KM2,FRY5	367	: z
TOTAL,KM2,FRY50	367	: z
TOTAL,KM2,HR	56594	56594
TOTAL,KM2,HR0	56594	56594
TOTAL,KM2,HR03	24705	24705
TOTAL,KM2,HR031	3588	3588
TOTAL,KM2,HR032	5353	5353
TOTAL,KM2,HR033	3646	3646
TOTAL,KM2,HR034	2984	2984
TOTAL,KM2,HR035	4540	4540
TOTAL,KM2,HR036	2813	2813
TOTAL,KM2,HR037	1781	1781
TOTAL,KM2,HR04	31889	31889
TOTAL,KM2,HR041	641	641
TOTAL,KM2,HR042	3060	3060
TOTAL,KM2,HR043	1229	1229
TOTAL,KM2,HR044	1262	1262
TOTAL,KM2,HR045	1748	1748
TOTAL,KM2,HR046	729	729
TOTAL,KM2,HR047	2640	2640
TOTAL,KM2,HR048	2024	2024
TOTAL,KM2,HR049	1823	1823
TOTAL,KM2,HR04A	2030	2030
TOTAL,KM2,HR04B	4155	4155
TOTAL,KM2,HR04C	2454	2454
TOTAL,KM2,HR04D	3626	3626
TOTAL,KM2,HR04E	4468	4468
TOTAL,KM2,HU	93012	93013
TOTAL,KM2,HU1	6916	6916
TOTAL,KM2,HU10	6916	6916
TOTAL,KM2,HU101	525	525
TOTAL,KM2,HU102	6391	6391
TOTAL,KM2,HU11	525	: z
TOTAL,KM2,HU110	525	: z
TOTAL,KM2,HU12	6391	: z
TOTAL,KM2,HU120	6391	: z
TOTAL,KM2,HU2	36611	36612
TOTAL,KM2,HU21	11086	11086
TOTAL,KM2,HU211	4359	4359
TOTAL,KM2,HU212	2264	2264
TOTAL,KM2,HU213	4463	4463
TOTAL,KM2,HU22	11328	11329
TOTAL,KM2,HU221	4208	4208
TOTAL,KM2,HU222	3336	3336
TOTAL,KM2,HU223	3784	3784
TOTAL,KM2,HU23	14197	14197
TOTAL,KM2,HU231	4429	4429
TOTAL,KM2,HU232	6065	6065
TOTAL,KM2,HU233	3703	3703
TOTAL,KM2,HU3	49485	49485
TOTAL,KM2,HU31	13426	13426
TOTAL,KM2,HU311	7245	7245
TOTAL,KM2,HU312	3637	3637
TOTAL,KM2,HU313	2544	2544
TOTAL,KM2,HU32	17723	17723
TOTAL,KM2,HU321	6209	6209
TOTAL,KM2,HU322	5582	5582
TOTAL,KM2,HU323	5932	5932
TOTAL,KM2,HU33	18336	18336
TOTAL,KM2,HU331	8444	8444
TOTAL,KM2,HU332	5630	5630
TOTAL,KM2,HU333	4262	4262
TOTAL,KM2,IE	69947	69946
TOTAL,KM2,IE0	69947	69946
TOTAL,KM2,IE01	33273	33273
TOTAL,KM2,IE011	12339	12339
TOTAL,KM2,IE012	6651	6651
TOTAL,KM2,IE013	14283	14283
TOTAL,KM2,IE02	36673	36673
TOTAL,KM2,IE021	926	926
TOTAL,KM2,IE022	6062	6062
TOTAL,KM2,IE023	7977	7977
TOTAL,KM2,IE024	9455	9455
TOTAL,KM2,IE025	12253	12253
TOTAL,KM2,IE04	25796	: z
TOTAL,KM2,IE041	11513	: z
TOTAL,KM2,IE042	14283	: z
TOTAL,KM2,IE05	29685	: z
TOTAL,KM2,IE051	10236	: z
TOTAL,KM2,IE052	7196	: z
TOTAL,KM2,IE053	12253	: z
TOTAL,KM2,IE06	14466	: z
TOTAL,KM2,IE061	926	: z
TOTAL,KM2,IE062	6889	: z
TOTAL,KM2,IE063	6651	: z
TOTAL,KM2,IS	102679	102679
TOTAL,KM2,IS0	102679	102679
TOTAL,KM2,IS00	102679	102679
TOTAL,KM2,IS001	1044	1044
TOTAL,KM2,IS002	101635	101635
TOTAL,KM2,IT	302073	302073
TOTAL,KM2,ITC	57928	57928
TOTAL,KM2,ITC1	25387	25387
TOTAL,KM2,ITC11	6827	6827
TOTAL,KM2,ITC12	2082	2082
TOTAL,KM2,ITC13	913	913
TOTAL,KM2,ITC14	2261	2261
TOTAL,KM2,ITC15	1340	1340
TOTAL,KM2,ITC16	6895	6895
TOTAL,KM2,ITC17	1510	1510
TOTAL,KM2,ITC18	3559	3559
TOTAL,KM2,ITC2	3261	3261
TOTAL,KM2,ITC20	3261	3261
TOTAL,KM2,ITC3	5416	5416
TOTAL,KM2,ITC31	1155	1155
TOTAL,KM2,ITC32	1546	1546
TOTAL,KM2,ITC33	1834	1834
TOTAL,KM2,ITC34	881	881
TOTAL,KM2,ITC4	23864	23864
TOTAL,KM2,ITC41	1198	1198
TOTAL,KM2,ITC42	1279	1279
TOTAL,KM2,ITC43	815	815
TOTAL,KM2,ITC44	3196	3196
TOTAL,KM2,ITC46	2746	2746
TOTAL,KM2,ITC47	4786	4786
TOTAL,KM2,ITC48	2969	2969
TOTAL,KM2,ITC49	783	783
TOTAL,KM2,ITC4A	1770	1770
TOTAL,KM2,ITC4B	2341	2341
TOTAL,KM2,ITC4C	1576	1576
TOTAL,KM2,ITC4D	405	405
TOTAL,KM2,ITF	73800	73800
TOTAL,KM2,ITF1	10833	10833
TOTAL,KM2,ITF11	5049	5049
TOTAL,KM2,ITF12	1954	1954
TOTAL,KM2,ITF13	1230	1230
TOTAL,KM2,ITF14	2600	2600
TOTAL,KM2,ITF2	4461	4461
TOTAL,KM2,ITF21	1535	1535
TOTAL,KM2,ITF22	2926	2926
TOTAL,KM2,ITF3	13670	13670
TOTAL,KM2,ITF31	2651	2651
TOTAL,KM2,ITF32	2080	2080
TOTAL,KM2,ITF33	1179	1179
TOTAL,KM2,ITF34	2806	2806
TOTAL,KM2,ITF35	4954	4954
TOTAL,KM2,ITF4	19541	19541
TOTAL,KM2,ITF43	2467	2467
TOTAL,KM2,ITF44	1861	1861
TOTAL,KM2,ITF45	2799	2799
TOTAL,KM2,ITF46	7008	7008
TOTAL,KM2,ITF47	3863	3863
TOTAL,KM2,ITF48	1543	1543
TOTAL,KM2,ITF5	10073	10073
TOTAL,KM2,ITF51	6594	6594
TOTAL,KM2,ITF52	3479	3479
TOTAL,KM2,ITF6	15222	15222
TOTAL,KM2,ITF61	6710	6710
TOTAL,KM2,ITF62	1736	1736
TOTAL,KM2,ITF63	2415	2415
TOTAL,KM2,ITF64	1151	1151
TOTAL,KM2,ITF65	3210	3210
TOTAL,KM2,ITG	49933	49933
TOTAL,KM2,ITG1	25833	25833
TOTAL,KM2,ITG11	2470	2470
TOTAL,KM2,ITG12	5009	5009
TOTAL,KM2,ITG13	3266	3266
TOTAL,KM2,ITG14	3053	3053
TOTAL,KM2,ITG15	2138	2138
TOTAL,KM2,ITG16	2575	2575
TOTAL,KM2,ITG17	3574	3574
TOTAL,KM2,ITG18	1624	1624
TOTAL,KM2,ITG19	2124	2124
TOTAL,KM2,ITG2	24100	24100
TOTAL,KM2,ITG25	4286	4286
TOTAL,KM2,ITG26	3932	3932
TOTAL,KM2,ITG27	4570	4570
TOTAL,KM2,ITG28	3034	3034
TOTAL,KM2,ITG29	3406	3406
TOTAL,KM2,ITG2A	1855	1855
TOTAL,KM2,ITG2B	1517	1517
TOTAL,KM2,ITG2C	1500	1500
TOTAL,KM2,ITH	62327	62327
TOTAL,KM2,ITH1	7398	7398
TOTAL,KM2,ITH10	7398	7398
TOTAL,KM2,ITH2	6207	6207
TOTAL,KM2,ITH20	6207	6207
TOTAL,KM2,ITH3	18407	18407
TOTAL,KM2,ITH31	3096	3096
TOTAL,KM2,ITH32	2723	2723
TOTAL,KM2,ITH33	3672	3672
TOTAL,KM2,ITH34	2480	2480
TOTAL,KM2,ITH35	2473	2473
TOTAL,KM2,ITH36	2144	2144
TOTAL,KM2,ITH37	1819	1819
TOTAL,KM2,ITH4	7862	7862
TOTAL,KM2,ITH41	2275	2275
TOTAL,KM2,ITH42	4907	4907
TOTAL,KM2,ITH43	467	467
TOTAL,KM2,ITH44	213	213
TOTAL,KM2,ITH5	22453	22453
TOTAL,KM2,ITH51	2586	2586
TOTAL,KM2,ITH52	3448	3448
TOTAL,KM2,ITH53	2291	2291
TOTAL,KM2,ITH54	2688	2688
TOTAL,KM2,ITH55	3703	3703
TOTAL,KM2,ITH56	2635	2635
TOTAL,KM2,ITH57	1859	1859
TOTAL,KM2,ITH58	2378	2378
TOTAL,KM2,ITH59	865	865
TOTAL,KM2,ITI	58085	58085
TOTAL,KM2,ITI1	22988	22988
TOTAL,KM2,ITI11	1155	1155
TOTAL,KM2,ITI12	1773	1773
TOTAL,KM2,ITI13	964	964
TOTAL,KM2,ITI14	3514	3514
TOTAL,KM2,ITI15	366	366
TOTAL,KM2,ITI16	1214	1214
TOTAL,KM2,ITI17	2445	2445
TOTAL,KM2,ITI18	3233	3233
TOTAL,KM2,ITI19	3821	3821
TOTAL,KM2,ITI1A	4503	4503
TOTAL,KM2,ITI2	8464	8464
TOTAL,KM2,ITI21	6337	6337
TOTAL,KM2,ITI22	2127	2127
TOTAL,KM2,ITI3	9401	9401
TOTAL,KM2,ITI31	2568	2568
TOTAL,KM2,ITI32	1963	1963
TOTAL,KM2,ITI33	2779	2779
TOTAL,KM2,ITI34	1228	1228
TOTAL,KM2,ITI35	863	863
TOTAL,KM2,ITI4	17232	17232
TOTAL,KM2,ITI41	3615	3615
TOTAL,KM2,ITI42	2751	2751
TOTAL,KM2,ITI43	5363	5363
TOTAL,KM2,ITI44	2256	2256
TOTAL,KM2,ITI45	3247	3247
TOTAL,KM2,LI	160	160
TOTAL,KM2,LI0	160	160
TOTAL,KM2,LI00	160	160
TOTAL,KM2,LI000	160	160
TOTAL,KM2,LT	65284	65286
TOTAL,KM2,LT0	65284	65286
TOTAL,KM2,LT00	65286	65286
TOTAL,KM2,LT001	5418	5418
TOTAL,KM2,LT002	8086	8086
TOTAL,KM2,LT003	5222	5222
TOTAL,KM2,LT004	4465	4465
TOTAL,KM2,LT005	7878	7878
TOTAL,KM2,LT006	8537	8537
TOTAL,KM2,LT007	4408	4408
TOTAL,KM2,LT008	4349	4349
TOTAL,KM2,LT009	7191	7191
TOTAL,KM2,LT00A	9730	9730
TOTAL,KM2,LT01	9730	: z
TOTAL,KM2,LT011	9730	: z
TOTAL,KM2,LT02	55554	: z
TOTAL,KM2,LT021	5418	: z
TOTAL,KM2,LT022	8086	: z
TOTAL,KM2,LT023	5222	: z
TOTAL,KM2,LT024	4465	: z
TOTAL,KM2,LT025	7878	: z
TOTAL,KM2,LT026	8537	: z
TOTAL,KM2,LT027	4408	: z
TOTAL,KM2,LT028	4349	: z
TOTAL,KM2,LT029	7191	: z
TOTAL,KM2,LU	2595	2595
TOTAL,KM2,LU0	2595	2595
TOTAL,KM2,LU00	2595	2595
TOTAL,KM2,LU000	2595	2595
TOTAL,KM2,LV	64586	64586
TOTAL,KM2,LV0	64586	64586
TOTAL,KM2,LV00	64586	64586
TOTAL,KM2,LV003	13603	13603
TOTAL,KM2,LV005	14547	14547
TOTAL,KM2,LV006	304	304
TOTAL,KM2,LV007	10140	10140
TOTAL,KM2,LV008	15252	15252
TOTAL,KM2,LV009	10740	10740
TOTAL,KM2,ME	13882	13882
TOTAL,KM2,ME0	13882	13882
TOTAL,KM2,ME00	13882	13882
TOTAL,KM2,ME000	13882	13882
TOTAL,KM2,MK	25434	25435
TOTAL,KM2,MK0	25434	25435
TOTAL,KM2,MK00	25434	25435
TOTAL,KM2,MK001	4063	4063
TOTAL,KM2,MK002	3537	3537
TOTAL,KM2,MK003	3605	3605
TOTAL,KM2,MK004	2766	2766
TOTAL,KM2,MK005	4909	4909
TOTAL,KM2,MK006	2432	2432
TOTAL,KM2,MK007	2309	2309
TOTAL,KM2,MK008	1813	1813
TOTAL,KM2,MT	316	315
TOTAL,KM2,MT0	316	315
TOTAL,KM2,MT00	316	315
TOTAL,KM2,MT001	247	247
TOTAL,KM2,MT002	69	69
TOTAL,KM2,NL	37378	37368
TOTAL,KM2,NL1	9082	9080
TOTAL,KM2,NL11	2405	2406
TOTAL,KM2,NL111	851	851
TOTAL,KM2,NL112	273	273
TOTAL,KM2,NL113	1281	1281
TOTAL,KM2,NL12	3997	3994
TOTAL,KM2,NL121	1684	1684
TOTAL,KM2,NL122	1144	1144
TOTAL,KM2,NL123	1165	1165
TOTAL,KM2,NL124	1606	: z
TOTAL,KM2,NL125	1385	: z
TOTAL,KM2,NL126	1006	: z
TOTAL,KM2,NL13	2680	2680
TOTAL,KM2,NL131	1061	1061
TOTAL,KM2,NL132	924	924
TOTAL,KM2,NL133	695	695
TOTAL,KM2,NL2	10971	10971
TOTAL,KM2,NL21	3421	3421
TOTAL,KM2,NL211	1492	1492
TOTAL,KM2,NL212	425	425
TOTAL,KM2,NL213	1504	1504
TOTAL,KM2,NL22	5137	5137
TOTAL,KM2,NL221	1861	1861
TOTAL,KM2,NL224	756	756
TOTAL,KM2,NL225	1561	1561
TOTAL,KM2,NL226	959	959
TOTAL,KM2,NL23	2413	2413
TOTAL,KM2,NL230	2413	2413
TOTAL,KM2,NL3	10034	10027
TOTAL,KM2,NL31	1449	1449
TOTAL,KM2,NL310	1449	1449
TOTAL,KM2,NL32	3403	3405
TOTAL,KM2,NL321	1515	1515
TOTAL,KM2,NL322	281	281
TOTAL,KM2,NL323	173	173
TOTAL,KM2,NL324	137	137
TOTAL,KM2,NL325	128	128
TOTAL,KM2,NL326	897	897
TOTAL,KM2,NL327	273	273
TOTAL,KM2,NL328	302	: z
TOTAL,KM2,NL329	875	: z
TOTAL,KM2,NL33	3247	3237
TOTAL,KM2,NL332	263	263
TOTAL,KM2,NL333	155	155
TOTAL,KM2,NL337	298	298
TOTAL,KM2,NL338	461	461
TOTAL,KM2,NL339	1547	1547
TOTAL,KM2,NL33A	513	513
TOTAL,KM2,NL33B	521	: z
TOTAL,KM2,NL33C	1497	: z
TOTAL,KM2,NL34	1935	1936
TOTAL,KM2,NL341	749	749
TOTAL,KM2,NL342	1186	1186
TOTAL,KM2,NL4	7291	7291
TOTAL,KM2,NL41	5082	5082
TOTAL,KM2,NL411	1303	1303
TOTAL,KM2,NL412	933	933
TOTAL,KM2,NL413	1388	1388
TOTAL,KM2,NL414	1458	1458
TOTAL,KM2,NL42	2209	2209
TOTAL,KM2,NL421	854	854
TOTAL,KM2,NL422	695	695
TOTAL,KM2,NL423	660	660
TOTAL,KM2,NO	323381	323380
TOTAL,KM2,NO0	323381	323380
TOTAL,KM2,NO01	5371	5371
TOTAL,KM2,NO011	454	454
TOTAL,KM2,NO012	4917	4917
TOTAL,KM2,NO02	52590	52590
TOTAL,KM2,NO021	27398	27398
TOTAL,KM2,NO022	25192	25192
TOTAL,KM2,NO03	36598	36598
TOTAL,KM2,NO031	4176	4176
TOTAL,KM2,NO032	14911	14911
TOTAL,KM2,NO033	2218	2218
TOTAL,KM2,NO034	15293	15293
TOTAL,KM2,NO04	25776	25777
TOTAL,KM2,NO041	9147	9147
TOTAL,KM2,NO042	7266	7266
TOTAL,KM2,NO043	9363	9363
TOTAL,KM2,NO05	49081	49080
TOTAL,KM2,NO051	15404	15404
TOTAL,KM2,NO052	18599	18599
TOTAL,KM2,NO053	15078	15078
TOTAL,KM2,NO06	41183	41183
TOTAL,KM2,NO060	41183	: z
TOTAL,KM2,NO061	: z	18808
TOTAL,KM2,NO062	: z	22375
TOTAL,KM2,NO07	112782	112782
TOTAL,KM2,NO071	38315	38315
TOTAL,KM2,NO072	25858	25858
TOTAL,KM2,NO073	48609	48609
TOTAL,KM2,PL	311928	311928
TOTAL,KM2,PL1	53778	53778
TOTAL,KM2,PL11	18219	18219
TOTAL,KM2,PL113	293	293
TOTAL,KM2,PL114	2206	2206
TOTAL,KM2,PL115	5971	5971
TOTAL,KM2,PL116	5667	5667
TOTAL,KM2,PL117	4082	4082
TOTAL,KM2,PL12	35559	35559
TOTAL,KM2,PL127	517	517
TOTAL,KM2,PL128	5763	5763
TOTAL,KM2,PL129	5104	5104
TOTAL,KM2,PL12A	4304	4304
TOTAL,KM2,PL12B	5255	5255
TOTAL,KM2,PL12C	3352	3352
TOTAL,KM2,PL12D	6505	6505
TOTAL,KM2,PL12E	4759	4759
TOTAL,KM2,PL2	27516	27518
TOTAL,KM2,PL21	15183	15184
TOTAL,KM2,PL213	327	327
TOTAL,KM2,PL214	4054	4054
TOTAL,KM2,PL217	2605	2605
TOTAL,KM2,PL218	3525	3525
TOTAL,KM2,PL219	2632	2632
TOTAL,KM2,PL21A	2040	2040
TOTAL,KM2,PL22	12333	12334
TOTAL,KM2,PL224	3049	3049
TOTAL,KM2,PL225	2353	2353
TOTAL,KM2,PL227	1352	1352
TOTAL,KM2,PL228	1576	1576
TOTAL,KM2,PL229	879	879
TOTAL,KM2,PL22A	380	380
TOTAL,KM2,PL22B	1800	1800
TOTAL,KM2,PL22C	944	944
TOTAL,KM2,PL3	74864	74864
TOTAL,KM2,PL31	25123	25123
TOTAL,KM2,PL311	5977	5977
TOTAL,KM2,PL312	9291	9291
TOTAL,KM2,PL314	4221	4221
TOTAL,KM2,PL315	5634	5634
TOTAL,KM2,PL32	17846	17846
TOTAL,KM2,PL323	5537	5537
TOTAL,KM2,PL324	4293	4293
TOTAL,KM2,PL325	3551	3551
TOTAL,KM2,PL326	4465	4465
TOTAL,KM2,PL33	11709	11709
TOTAL,KM2,PL331	5031	5031
TOTAL,KM2,PL332	6678	6678
TOTAL,KM2,PL34	20187	20187
TOTAL,KM2,PL343	5133	5133
TOTAL,KM2,PL344	8817	8817
TOTAL,KM2,PL345	6237	6237
TOTAL,KM2,PL4	66257	66258
TOTAL,KM2,PL41	29826	29827
TOTAL,KM2,PL411	6459	6459
TOTAL,KM2,PL414	6397	6397
TOTAL,KM2,PL415	262	262
TOTAL,KM2,PL416	5786	5786
TOTAL,KM2,PL417	5995	5995
TOTAL,KM2,PL418	4927	4927
TOTAL,KM2,PL42	22443	22443
TOTAL,KM2,PL424	301	301
TOTAL,KM2,PL426	4365	4365
TOTAL,KM2,PL427	10339	10339
TOTAL,KM2,PL428	7438	7438
TOTAL,KM2,PL43	13988	13988
TOTAL,KM2,PL431	6113	6113
TOTAL,KM2,PL432	7875	7875
TOTAL,KM2,PL5	29359	29358
TOTAL,KM2,PL51	19947	19947
TOTAL,KM2,PL514	293	293
TOTAL,KM2,PL515	5569	5569
TOTAL,KM2,PL516	3473	3473
TOTAL,KM2,PL517	4180	4180
TOTAL,KM2,PL518	6432	6432
TOTAL,KM2,PL52	9412	9411
TOTAL,KM2,PL523	4092	4092
TOTAL,KM2,PL524	5320	5320
TOTAL,KM2,PL6	60153	60152
TOTAL,KM2,PL61	17972	17972
TOTAL,KM2,PL613	2916	2916
TOTAL,KM2,PL616	4054	4054
TOTAL,KM2,PL617	4006	4006
TOTAL,KM2,PL618	3340	3340
TOTAL,KM2,PL619	3656	3656
TOTAL,KM2,PL62	24011	24011
TOTAL,KM2,PL621	7334	7334
TOTAL,KM2,PL622	10330	10330
TOTAL,KM2,PL623	6347	6347
TOTAL,KM2,PL63	18170	18170
TOTAL,KM2,PL633	414	414
TOTAL,KM2,PL634	4303	4303
TOTAL,KM2,PL636	5246	5246
TOTAL,KM2,PL637	4105	4105
TOTAL,KM2,PL638	4102	4102
TOTAL,KM2,PL7	29928	: z
TOTAL,KM2,PL71	18219	: z
TOTAL,KM2,PL711	293	: z
TOTAL,KM2,PL712	2206	: z
TOTAL,KM2,PL713	5971	: z
TOTAL,KM2,PL714	5667	: z
TOTAL,KM2,PL715	4082	: z
TOTAL,KM2,PL72	11709	: z
TOTAL,KM2,PL721	5031	: z
TOTAL,KM2,PL722	6678	: z
TOTAL,KM2,PL8	63156	: z
TOTAL,KM2,PL81	25123	: z
TOTAL,KM2,PL811	5977	: z
TOTAL,KM2,PL812	9291	: z
TOTAL,KM2,PL814	4221	: z
TOTAL,KM2,PL815	5634	: z
TOTAL,KM2,PL82	17846	: z
TOTAL,KM2,PL821	5537	: z
TOTAL,KM2,PL822	4293	: z
TOTAL,KM2,PL823	3551	: z
TOTAL,KM2,PL824	4465	: z
TOTAL,KM2,PL84	20187	: z
TOTAL,KM2,PL841	5133	: z
TOTAL,KM2,PL842	8817	: z
TOTAL,KM2,PL843	6237	: z
TOTAL,KM2,PL9	35559	: z
TOTAL,KM2,PL91	6104	: z
TOTAL,KM2,PL911	517	: z
TOTAL,KM2,PL912	3124	: z
TOTAL,KM2,PL913	2463	: z
TOTAL,KM2,PL92	29455	: z
TOTAL,KM2,PL921	5763	: z
TOTAL,KM2,PL922	5255	: z
TOTAL,KM2,PL923	3352	: z
TOTAL,KM2,PL924	6505	: z
TOTAL,KM2,PL925	6044	: z
TOTAL,KM2,PL926	2536	: z
TOTAL,KM2,PT	92227	92226
TOTAL,KM2,PT1	89103	89102
TOTAL,KM2,PT11	21287	21286
TOTAL,KM2,PT111	2219	2219
TOTAL,KM2,PT112	1246	1246
TOTAL,KM2,PT119	1451	1451
TOTAL,KM2,PT11A	2041	2041
TOTAL,KM2,PT11B	2922	2922
TOTAL,KM2,PT11C	1832	1832
TOTAL,KM2,PT11D	4032	4032
TOTAL,KM2,PT11E	5544	5544
TOTAL,KM2,PT15	4997	4997
TOTAL,KM2,PT150	4997	4997
TOTAL,KM2,PT16	28200	28199
TOTAL,KM2,PT16B	2220	2220
TOTAL,KM2,PT16D	1693	1693
TOTAL,KM2,PT16E	4336	4336
TOTAL,KM2,PT16F	2449	2449
TOTAL,KM2,PT16G	3238	3238
TOTAL,KM2,PT16H	4615	4615
TOTAL,KM2,PT16I	3344	3344
TOTAL,KM2,PT16J	6305	6305
TOTAL,KM2,PT17	3015	3015
TOTAL,KM2,PT170	3015	3015
TOTAL,KM2,PT18	31604	31605
TOTAL,KM2,PT181	5309	5309
TOTAL,KM2,PT184	8543	8543
TOTAL,KM2,PT185	4275	4275
TOTAL,KM2,PT186	6084	6084
TOTAL,KM2,PT187	7393	7393
TOTAL,KM2,PT2	2322	2322
TOTAL,KM2,PT20	2322	2322
TOTAL,KM2,PT200	2322	2322
TOTAL,KM2,PT3	802	802
TOTAL,KM2,PT30	802	802
TOTAL,KM2,PT300	802	802
TOTAL,KM2,RO	238398	238397
TOTAL,KM2,RO1	68252	68252
TOTAL,KM2,RO11	34160	34160
TOTAL,KM2,RO111	7539	7539
TOTAL,KM2,RO112	5358	5358
TOTAL,KM2,RO113	6672	6672
TOTAL,KM2,RO114	6303	6303
TOTAL,KM2,RO115	4420	4420
TOTAL,KM2,RO116	3868	3868
TOTAL,KM2,RO12	34092	34092
TOTAL,KM2,RO121	6250	6250
TOTAL,KM2,RO122	5361	5361
TOTAL,KM2,RO123	3707	3707
TOTAL,KM2,RO124	6637	6637
TOTAL,KM2,RO125	6705	6705
TOTAL,KM2,RO126	5432	5432
TOTAL,KM2,RO2	72627	72625
TOTAL,KM2,RO21	36853	36853
TOTAL,KM2,RO211	6622	6622
TOTAL,KM2,RO212	4987	4987
TOTAL,KM2,RO213	5477	5477
TOTAL,KM2,RO214	5897	5897
TOTAL,KM2,RO215	8553	8553
TOTAL,KM2,RO216	5317	5317
TOTAL,KM2,RO22	35774	35772
TOTAL,KM2,RO221	4766	4766
TOTAL,KM2,RO222	6101	6101
TOTAL,KM2,RO223	7104	7104
TOTAL,KM2,RO224	4465	4465
TOTAL,KM2,RO225	8484	8484
TOTAL,KM2,RO226	4854	4854
TOTAL,KM2,RO3	36271	36271
TOTAL,KM2,RO31	34467	34467
TOTAL,KM2,RO311	6822	6822
TOTAL,KM2,RO312	5087	5087
TOTAL,KM2,RO313	4056	4056
TOTAL,KM2,RO314	3544	3544
TOTAL,KM2,RO315	4455	4455
TOTAL,KM2,RO316	4715	4715
TOTAL,KM2,RO317	5788	5788
TOTAL,KM2,RO32	1804	1804
TOTAL,KM2,RO321	240	240
TOTAL,KM2,RO322	1564	1564
TOTAL,KM2,RO4	61248	61248
TOTAL,KM2,RO41	29206	29206
TOTAL,KM2,RO411	7425	7425
TOTAL,KM2,RO412	5572	5572
TOTAL,KM2,RO413	4942	4942
TOTAL,KM2,RO414	5503	5503
TOTAL,KM2,RO415	5764	5764
TOTAL,KM2,RO42	32042	32042
TOTAL,KM2,RO421	7746	7746
TOTAL,KM2,RO422	8532	8532
TOTAL,KM2,RO423	7072	7072
TOTAL,KM2,RO424	8692	8692
TOTAL,KM2,SE	447424	447424
TOTAL,KM2,SE1	50307	50307
TOTAL,KM2,SE11	7153	7153
TOTAL,KM2,SE110	7153	7153
TOTAL,KM2,SE12	43154	43154
TOTAL,KM2,SE121	8608	8608
TOTAL,KM2,SE122	7026	7026
TOTAL,KM2,SE123	12229	12229
TOTAL,KM2,SE124	9633	9633
TOTAL,KM2,SE125	5658	5658
TOTAL,KM2,SE2	84685	84685
TOTAL,KM2,SE21	35879	35879
TOTAL,KM2,SE211	11693	11693
TOTAL,KM2,SE212	9384	9384
TOTAL,KM2,SE213	11636	11636
TOTAL,KM2,SE214	3166	3166
TOTAL,KM2,SE22	14341	14341
TOTAL,KM2,SE221	3039	3039
TOTAL,KM2,SE224	11302	11302
TOTAL,KM2,SE23	34465	34465
TOTAL,KM2,SE231	5687	5687
TOTAL,KM2,SE232	28778	28778
TOTAL,KM2,SE3	312432	312432
TOTAL,KM2,SE31	71640	71640
TOTAL,KM2,SE311	21789	21789
TOTAL,KM2,SE312	30222	30222
TOTAL,KM2,SE313	19629	19629
TOTAL,KM2,SE32	76709	76709
TOTAL,KM2,SE321	22957	22957
TOTAL,KM2,SE322	53752	53752
TOTAL,KM2,SE33	164083	164083
TOTAL,KM2,SE331	58875	58875
TOTAL,KM2,SE332	105208	105208
TOTAL,KM2,SI	20273	20273
TOTAL,KM2,SI0	20273	20273
TOTAL,KM2,SI03	12433	12433
TOTAL,KM2,SI031	1337	1337
TOTAL,KM2,SI032	2170	2170
TOTAL,KM2,SI033	1041	1041
TOTAL,KM2,SI034	2301	2301
TOTAL,KM2,SI035	485	485
TOTAL,KM2,SI036	968	968
TOTAL,KM2,SI037	2675	2675
TOTAL,KM2,SI038	1456	1456
TOTAL,KM2,SI04	7840	7840
TOTAL,KM2,SI041	2334	2334
TOTAL,KM2,SI042	2137	2137
TOTAL,KM2,SI043	2325	2325
TOTAL,KM2,SI044	1044	1044
TOTAL,KM2,SK	49035	49035
TOTAL,KM2,SK0	49035	49035
TOTAL,KM2,SK01	2053	2053
TOTAL,KM2,SK010	2053	2053
TOTAL,KM2,SK02	14992	14992
TOTAL,KM2,SK021	4146	4146
TOTAL,KM2,SK022	4502	4502
TOTAL,KM2,SK023	6344	6344
TOTAL,KM2,SK03	16263	16263
TOTAL,KM2,SK031	6809	6809
TOTAL,KM2,SK032	9454	9454
TOTAL,KM2,SK04	15727	15728
TOTAL,KM2,SK041	8973	8973
TOTAL,KM2,SK042	6754	6754
TOTAL,KM2,TR	780270	780272
TOTAL,KM2,TR1	5340	5340
TOTAL,KM2,TR10	5340	5340
TOTAL,KM2,TR100	5340	5340
TOTAL,KM2,TR2	42906	42906
TOTAL,KM2,TR21	18839	18839
TOTAL,KM2,TR211	6386	6386
TOTAL,KM2,TR212	5920	5920
TOTAL,KM2,TR213	6533	6533
TOTAL,KM2,TR22	24067	24067
TOTAL,KM2,TR221	14367	14367
TOTAL,KM2,TR222	9700	9700
TOTAL,KM2,TR3	89180	89181
TOTAL,KM2,TR31	11802	11802
TOTAL,KM2,TR310	11802	11802
TOTAL,KM2,TR32	32027	32027
TOTAL,KM2,TR321	7803	7803
TOTAL,KM2,TR322	11804	11804
TOTAL,KM2,TR323	12420	12420
TOTAL,KM2,TR33	45351	45352
TOTAL,KM2,TR331	13236	13236
TOTAL,KM2,TR332	14730	14730
TOTAL,KM2,TR333	12016	12016
TOTAL,KM2,TR334	5369	5369
TOTAL,KM2,TR4	49324	49324
TOTAL,KM2,TR41	29108	29107
TOTAL,KM2,TR411	10893	10893
TOTAL,KM2,TR412	13907	13907
TOTAL,KM2,TR413	4308	4308
TOTAL,KM2,TR42	20216	20217
TOTAL,KM2,TR421	3600	3600
TOTAL,KM2,TR422	4896	4896
TOTAL,KM2,TR423	2574	2574
TOTAL,KM2,TR424	8340	8340
TOTAL,KM2,TR425	806	806
TOTAL,KM2,TR5	75007	75006
TOTAL,KM2,TR51	25460	25460
TOTAL,KM2,TR510	25460	25460
TOTAL,KM2,TR52	49547	49546
TOTAL,KM2,TR521	40678	40678
TOTAL,KM2,TR522	8869	8869
TOTAL,KM2,TR6	89110	89109
TOTAL,KM2,TR61	36562	36562
TOTAL,KM2,TR611	20486	20486
TOTAL,KM2,TR612	8942	8942
TOTAL,KM2,TR613	7134	7134
TOTAL,KM2,TR62	29251	29251
TOTAL,KM2,TR621	13906	13906
TOTAL,KM2,TR622	15345	15345
TOTAL,KM2,TR63	23297	23296
TOTAL,KM2,TR631	5640	5640
TOTAL,KM2,TR632	14463	14463
TOTAL,KM2,TR633	3194	3194
TOTAL,KM2,TR7	91644	91645
TOTAL,KM2,TR71	31862	31863
TOTAL,KM2,TR711	4570	4570
TOTAL,KM2,TR712	7995	7995
TOTAL,KM2,TR713	7367	7367
TOTAL,KM2,TR714	5394	5394
TOTAL,KM2,TR715	6536	6536
TOTAL,KM2,TR72	59782	59782
TOTAL,KM2,TR721	17118	17118
TOTAL,KM2,TR722	28583	28583
TOTAL,KM2,TR723	14081	14081
TOTAL,KM2,TR8	74038	74039
TOTAL,KM2,TR81	9538	9538
TOTAL,KM2,TR811	3333	3333
TOTAL,KM2,TR812	4105	4105
TOTAL,KM2,TR813	2100	2100
TOTAL,KM2,TR82	26497	26497
TOTAL,KM2,TR821	13177	13177
TOTAL,KM2,TR822	7488	7488
TOTAL,KM2,TR823	5832	5832
TOTAL,KM2,TR83	38003	38004
TOTAL,KM2,TR831	9433	9433
TOTAL,KM2,TR832	10072	10072
TOTAL,KM2,TR833	12794	12794
TOTAL,KM2,TR834	5704	5704
TOTAL,KM2,TR9	35058	35057
TOTAL,KM2,TR90	35058	35057
TOTAL,KM2,TR901	4631	4631
TOTAL,KM2,TR902	5902	5902
TOTAL,KM2,TR903	6782	6782
TOTAL,KM2,TR904	3936	3936
TOTAL,KM2,TR905	7368	7368
TOTAL,KM2,TR906	6439	6439
TOTAL,KM2,TRA	70766	70765
TOTAL,KM2,TRA1	40818	40818
TOTAL,KM2,TRA11	25338	25338
TOTAL,KM2,TRA12	11741	11741
TOTAL,KM2,TRA13	3739	3739
TOTAL,KM2,TRA2	29948	29948
TOTAL,KM2,TRA21	11381	11381
TOTAL,KM2,TRA22	9959	9959
TOTAL,KM2,TRA23	3483	3483
TOTAL,KM2,TRA24	5125	5125
TOTAL,KM2,TRB	81819	81820
TOTAL,KM2,TRB1	37339	37339
TOTAL,KM2,TRB11	12110	12110
TOTAL,KM2,TRB12	9339	9339
TOTAL,KM2,TRB13	8259	8259
TOTAL,KM2,TRB14	7631	7631
TOTAL,KM2,TRB2	44480	44481
TOTAL,KM2,TRB21	20568	20568
TOTAL,KM2,TRB22	8071	8071
TOTAL,KM2,TRB23	8850	8850
TOTAL,KM2,TRB24	6991	6991
TOTAL,KM2,TRC	76078	76079
TOTAL,KM2,TRC1	15734	15735
TOTAL,KM2,TRC11	6844	6844
TOTAL,KM2,TRC12	7529	7529
TOTAL,KM2,TRC13	1361	1361
TOTAL,KM2,TRC2	34511	34512
TOTAL,KM2,TRC21	19301	19301
TOTAL,KM2,TRC22	15210	15210
TOTAL,KM2,TRC3	25833	25832
TOTAL,KM2,TRC31	8697	8697
TOTAL,KM2,TRC32	4661	4661
TOTAL,KM2,TRC33	6998	6998
TOTAL,KM2,TRC34	5477	5477
TOTAL,KM2,UK	244381	248536
TOTAL,KM2,UKC	8593	8676
TOTAL,KM2,UKC1	3027	3047
TOTAL,KM2,UKC11	299	308
TOTAL,KM2,UKC12	299	308
TOTAL,KM2,UKC13	197	197
TOTAL,KM2,UKC14	2232	2233
TOTAL,KM2,UKC2	5566	5630
TOTAL,KM2,UKC21	5026	5078
TOTAL,KM2,UKC22	403	412
TOTAL,KM2,UKC23	137	140
TOTAL,KM2,UKD	14164	14919
TOTAL,KM2,UKD1	6822	7182
TOTAL,KM2,UKD11	2073	2228
TOTAL,KM2,UKD12	4749	4954
TOTAL,KM2,UKD3	1276	1276
TOTAL,KM2,UKD33	116	116
TOTAL,KM2,UKD34	203	203
TOTAL,KM2,UKD35	229	229
TOTAL,KM2,UKD36	328	328
TOTAL,KM2,UKD37	400	400
TOTAL,KM2,UKD4	3076	3263
TOTAL,KM2,UKD41	137	137
TOTAL,KM2,UKD42	35	43
TOTAL,KM2,UKD44	858	983
TOTAL,KM2,UKD45	1005	1025
TOTAL,KM2,UKD46	491	491
TOTAL,KM2,UKD47	550	584
TOTAL,KM2,UKD6	2264	2290
TOTAL,KM2,UKD61	181	182
TOTAL,KM2,UKD62	1166	1166
TOTAL,KM2,UKD63	917	941
TOTAL,KM2,UKD7	726	908
TOTAL,KM2,UKD71	302	313
TOTAL,KM2,UKD72	112	134
TOTAL,KM2,UKD73	155	205
TOTAL,KM2,UKD74	157	256
TOTAL,KM2,UKE	15409	15562
TOTAL,KM2,UKE1	3515	3656
TOTAL,KM2,UKE11	71	82
TOTAL,KM2,UKE12	2406	2495
TOTAL,KM2,UKE13	1038	1079
TOTAL,KM2,UKE2	8312	8325
TOTAL,KM2,UKE21	272	272
TOTAL,KM2,UKE22	8040	8053
TOTAL,KM2,UKE3	1552	1552
TOTAL,KM2,UKE31	1184	1184
TOTAL,KM2,UKE32	368	368
TOTAL,KM2,UKE4	2030	2029
TOTAL,KM2,UKE41	366	366
TOTAL,KM2,UKE42	552	552
TOTAL,KM2,UKE44	773	773
TOTAL,KM2,UKE45	339	339
TOTAL,KM2,UKF	15643	15811
TOTAL,KM2,UKF1	4788	4790
TOTAL,KM2,UKF11	78	78
TOTAL,KM2,UKF12	502	502
TOTAL,KM2,UKF13	2049	2049
TOTAL,KM2,UKF14	75	75
TOTAL,KM2,UKF15	1475	1478
TOTAL,KM2,UKF16	609	609
TOTAL,KM2,UKF2	4918	4918TOTAL,KM2,UKF21	73	73
TOTAL,KM2,UKF22	2478	2478
TOTAL,KM2,UKF24	1380	1380
TOTAL,KM2,UKF25	987	987
TOTAL,KM2,UKF3	5937	6103
TOTAL,KM2,UKF30	5937	6103
TOTAL,KM2,UKG	13004	13004
TOTAL,KM2,UKG1	5899	5898
TOTAL,KM2,UKG11	2180	2180
TOTAL,KM2,UKG12	1741	1741
TOTAL,KM2,UKG13	1978	1978
TOTAL,KM2,UKG2	6203	6204
TOTAL,KM2,UKG21	290	290
TOTAL,KM2,UKG22	3197	3197
TOTAL,KM2,UKG23	93	93
TOTAL,KM2,UKG24	2623	2623
TOTAL,KM2,UKG3	902	902
TOTAL,KM2,UKG31	268	268
TOTAL,KM2,UKG32	178	178
TOTAL,KM2,UKG33	99	99
TOTAL,KM2,UKG36	98	98
TOTAL,KM2,UKG37	86	86
TOTAL,KM2,UKG38	104	104
TOTAL,KM2,UKG39	69	69
TOTAL,KM2,UKH	19136	19586
TOTAL,KM2,UKH1	12580	12760
TOTAL,KM2,UKH11	343	343
TOTAL,KM2,UKH12	3053	3054
TOTAL,KM2,UKH14	3802	3854
TOTAL,KM2,UKH15	766	776
TOTAL,KM2,UKH16	2403	2519
TOTAL,KM2,UKH17	2213	2214
TOTAL,KM2,UKH2	2878	2879
TOTAL,KM2,UKH21	43	43
TOTAL,KM2,UKH23	1643	1643
TOTAL,KM2,UKH24	476	476
TOTAL,KM2,UKH25	716	716
TOTAL,KM2,UKH3	3678	3948
TOTAL,KM2,UKH31	42	68
TOTAL,KM2,UKH32	163	184
TOTAL,KM2,UKH34	1283	1324
TOTAL,KM2,UKH35	1011	1011
TOTAL,KM2,UKH36	854	923
TOTAL,KM2,UKH37	325	438
TOTAL,KM2,UKI	1572	1595
TOTAL,KM2,UKI3	109	112
TOTAL,KM2,UKI31	25	25
TOTAL,KM2,UKI32	21	22
TOTAL,KM2,UKI33	29	30
TOTAL,KM2,UKI34	34	35
TOTAL,KM2,UKI4	210	216
TOTAL,KM2,UKI41	55	58
TOTAL,KM2,UKI42	20	22
TOTAL,KM2,UKI43	44	44
TOTAL,KM2,UKI44	64	65
TOTAL,KM2,UKI45	27	27
TOTAL,KM2,UKI5	433	444
TOTAL,KM2,UKI51	108	115
TOTAL,KM2,UKI52	148	152
TOTAL,KM2,UKI53	95	95
TOTAL,KM2,UKI54	82	82
TOTAL,KM2,UKI6	355	355
TOTAL,KM2,UKI61	150	150
TOTAL,KM2,UKI62	86	86
TOTAL,KM2,UKI63	119	119
TOTAL,KM2,UKI7	465	467
TOTAL,KM2,UKI71	87	87
TOTAL,KM2,UKI72	43	43
TOTAL,KM2,UKI73	56	56
TOTAL,KM2,UKI74	166	166
TOTAL,KM2,UKI75	113	115
TOTAL,KM2,UKJ	19090	19405
TOTAL,KM2,UKJ1	5744	5743
TOTAL,KM2,UKJ11	1264	1264
TOTAL,KM2,UKJ12	309	309
TOTAL,KM2,UKJ13	1565	1565
TOTAL,KM2,UKJ14	2606	2606
TOTAL,KM2,UKJ2	5457	5504
TOTAL,KM2,UKJ21	83	85
TOTAL,KM2,UKJ22	1713	1725
TOTAL,KM2,UKJ25	1000	1000
TOTAL,KM2,UKJ26	670	670
TOTAL,KM2,UKJ27	1082	1114
TOTAL,KM2,UKJ28	909	910
TOTAL,KM2,UKJ3	4149	4249
TOTAL,KM2,UKJ31	40	60
TOTAL,KM2,UKJ32	50	56
TOTAL,KM2,UKJ34	380	395
TOTAL,KM2,UKJ35	235	270
TOTAL,KM2,UKJ36	2556	2580
TOTAL,KM2,UKJ37	888	888
TOTAL,KM2,UKJ4	3740	3908
TOTAL,KM2,UKJ41	194	269
TOTAL,KM2,UKJ43	546	603
TOTAL,KM2,UKJ44	1084	1119
TOTAL,KM2,UKJ45	974	974
TOTAL,KM2,UKJ46	942	943
TOTAL,KM2,UKK	23852	24389
TOTAL,KM2,UKK1	7471	7704
TOTAL,KM2,UKK11	110	235
TOTAL,KM2,UKK12	1223	1279
TOTAL,KM2,UKK13	2653	2705
TOTAL,KM2,UKK14	230	230
TOTAL,KM2,UKK15	3255	3255
TOTAL,KM2,UKK2	6105	6209
TOTAL,KM2,UKK21	111	122
TOTAL,KM2,UKK22	2542	2573
TOTAL,KM2,UKK23	3452	3514
TOTAL,KM2,UKK3	3566	3636
TOTAL,KM2,UKK30	3566	3636
TOTAL,KM2,UKK4	6710	6840
TOTAL,KM2,UKK41	80	84
TOTAL,KM2,UKK42	63	119
TOTAL,KM2,UKK43	6567	6636
TOTAL,KM2,UKL	20781	21224
TOTAL,KM2,UKL1	13131	13443
TOTAL,KM2,UKL11	714	749
TOTAL,KM2,UKL12	2548	2622
TOTAL,KM2,UKL13	1969	2000
TOTAL,KM2,UKL14	5779	5895
TOTAL,KM2,UKL15	536	536
TOTAL,KM2,UKL16	512	512
TOTAL,KM2,UKL17	693	707
TOTAL,KM2,UKL18	380	421
TOTAL,KM2,UKL2	7650	7782
TOTAL,KM2,UKL21	1041	1104
TOTAL,KM2,UKL22	473	489
TOTAL,KM2,UKL23	941	993
TOTAL,KM2,UKL24	5195	5195
TOTAL,KM2,UKM	78802	80234
TOTAL,KM2,UKM2	18296	18296
TOTAL,KM2,UKM21	2266	2266
TOTAL,KM2,UKM22	1538	1538
TOTAL,KM2,UKM23	1056	1056
TOTAL,KM2,UKM24	4743	4743
TOTAL,KM2,UKM25	273	273
TOTAL,KM2,UKM26	315	315
TOTAL,KM2,UKM27	7674	7674
TOTAL,KM2,UKM28	432	432
TOTAL,KM2,UKM3	13419	13419
TOTAL,KM2,UKM31	751	751
TOTAL,KM2,UKM32	6673	6673
TOTAL,KM2,UKM33	1720	1720
TOTAL,KM2,UKM34	176	176
TOTAL,KM2,UKM35	617	617
TOTAL,KM2,UKM36	472	472
TOTAL,KM2,UKM37	1235	1235
TOTAL,KM2,UKM38	1774	1774
TOTAL,KM2,UKM5	6504	6544
TOTAL,KM2,UKM50	6504	6544
TOTAL,KM2,UKM6	41046	41974
TOTAL,KM2,UKM61	13064	13240
TOTAL,KM2,UKM62	7939	7983
TOTAL,KM2,UKM63	14469	14740
TOTAL,KM2,UKM64	3092	3268
TOTAL,KM2,UKM65	1013	1086
TOTAL,KM2,UKM66	1469	1656
TOTAL,KM2,UKM7	13389	: z
TOTAL,KM2,UKM71	2245	: z
TOTAL,KM2,UKM72	1484	: z
TOTAL,KM2,UKM73	1034	: z
TOTAL,KM2,UKM75	263	: z
TOTAL,KM2,UKM76	297	: z
TOTAL,KM2,UKM77	7637	: z
TOTAL,KM2,UKM78	429	: z
TOTAL,KM2,UKM8	1978	: z
TOTAL,KM2,UKM81	733	: z
TOTAL,KM2,UKM82	175	: z
TOTAL,KM2,UKM83	598	: z
TOTAL,KM2,UKM84	472	: z
TOTAL,KM2,UKM9	15885	: z
TOTAL,KM2,UKM91	4739	: z
TOTAL,KM2,UKM92	6438	: z
TOTAL,KM2,UKM93	1710	: z
TOTAL,KM2,UKM94	1224	: z
TOTAL,KM2,UKM95	1774	: z
TOTAL,KM2,UKN	14335	14130
TOTAL,KM2,UKN0	14335	14130
TOTAL,KM2,UKN01	110	110
TOTAL,KM2,UKN02	846	846
TOTAL,KM2,UKN03	3402	3402
TOTAL,KM2,UKN04	3220	3220
TOTAL,KM2,UKN05	6552	6552
TOTAL,KM2,UKN06	138	: z
TOTAL,KM2,UKN07	1437	: z
TOTAL,KM2,UKN08	1683	: z
TOTAL,KM2,UKN09	567	: z
TOTAL,KM2,UKN10	1252	: z
TOTAL,KM2,UKN11	1958	: z
TOTAL,KM2,UKN12	1986	: z
TOTAL,KM2,UKN13	728	: z
TOTAL,KM2,UKN14	511	: z
TOTAL,KM2,UKN15	1062	: z
TOTAL,KM2,UKN16	3013	: z